task_id,task_title,task_type,project,sprint_id,sprint_name,squad,team,assignee,reporter,priority,status,story_points,estimated_hours,labels,environment,created_at,started_at,completed_at,sprint_start_date,sprint_end_date,updated_at
TASK-00001,Improve Search Performance,Spike,Backoffice,SPR-2025-21,Sprint 21,Platform,Product,Alex Smith,Avery Lewis,Low,Done,1 pts,4,"frontend, etl, mobile",UAT,2025-10-09,2025-10-09,2025-10-12,2025-10-08,2025-10-21,2025-10-17 00:00:00
TASK-00002,Broken Navigation Menu,Task,Backoffice,SPR-2025-05,Sprint 5,Data,Product,John Doe,Jamie White,High,In Progress,13,2,"backend, etl",UAT,2025-03-01,2025-03-03,,2025-02-26,2025-03-11,2025-03-03 00:00:00
TASK-00003,Broken Navigation Menu,Technical Debt,Customer Portal,SPR-2025-08,Sprint 8,Marketplace,Analytics,John Doe,Jamie White,High,Testing,3,24,"Api, etl, mobile",DEV,2025-04-10,2025-04-13,,2025-04-09,2025-04-22,2025-04-20 00:00:00
TASK-00004,Refactor Notification Service,Task,Customer Portal,SPR-2025-13,Sprint 13,Data,Architecture,Casey Johnson,Morgan Davis,Critical,In Progress,13,8,"etl, performance, data",DEV,2025-06-22,2025-06-22,,2025-06-18,2025-07-01,2025-06-25 00:00:00
TASK-00005,Improve Mobile Responsiveness,Task,Mobile App,SPR-2025-05,Sprint 5,Platform,Operations,Alex Smith,Avery Lewis,Critical,Done,8,2,etl,DEV,2025-03-08,2025-03-09,2025-03-11,2025-02-26,2025-03-11,2025-03-16 00:00:00
TASK-00006,Create Monitoring Alerts,Bug,Mobile App,SPR-2025-17,Sprint 17,Platform,Analytics,Taylor Brown,Morgan Davis,Medium,Done,2,40,performance,QA,2025-08-15,2025-08-15,2025-08-26,2025-08-13,2025-08-26,2025-08-17 00:00:00
TASK-00007,update documentation,Story,Identity Service,SPR-2025-03,Sprint 3,Platform,Operations,Chris Lee,Avery Lewis,Critical,Blocked,2,40,etl,PROD,2025-02-05,2025-02-05,,2025-01-29,2025-02-11,2025-02-08 00:00:00
TASK-00008,Fix ETL Pipeline Failure,Story,Backoffice,SPR-2025-08,Sprint 8,Data,Architecture,Casey Johnson,Jamie White,low,Testing,13 pts,2,"backend, etl",PROD,2025-04-12,2025-04-12,,2025-04-09,2025-04-22,2025-04-25 00:00:00
TASK-00009,Data Sync Failure,Technical Debt,Marketplace,SPR-2025-07,Sprint 7,Data,Operations,Alex Smith,Robin Clark,Low,Done,13 pts,12,Mobile,PROD,2025-03-27,2025-03-27,2025-04-03,2025-03-26,2025-04-08,2025-04-03 00:00:00
TASK-00010,Login Error,Spike,Data Platform,SPR-2025-03,Sprint 3,Core,Analytics,Jordan Miller,Drew Walker,Medium,To Do,5,40,api,PROD,2025-02-05,2025-02-05,,2025-01-29,2025-02-11,2025-02-09 00:00:00
TASK-00011,IMPROVE ERROR HANDLING,Story,Mobile App,SPR-2025-07,Sprint 7,CX,Product,Taylor Brown,Avery Lewis,high,Blocked,8,40,ETL,DEV,2025-03-30,2025-03-31,,2025-03-26,2025-04-08,2025-04-06 00:00:00
TASK-00012,Review Access Permissions,Technical Debt,Backoffice,SPR-2025-19,Sprint 19,Growth,Product,Taylor Brown,Drew Walker,High,Done,13,8,"data, genai, SECURITY",UAT,2025-09-19,2025-09-19,2025-09-29,2025-09-10,2025-09-23,2025-09-23 00:00:00
TASK-00013,Checkout Button Not Responding,Bug,Identity Service,SPR-2025-12,Sprint 12,CX,Engineering,Sam Wilson,Robin Clark,Low,Done,8,24,Data,QA,2025-06-05,2025-06-06,2025-06-15,2025-06-04,2025-06-17,2025-06-15 00:00:00
TASK-00014,Fix API Response Validation,Spike,Backoffice,SPR-2025-07,Sprint 7,Growth,Product,Jane Doe,Jamie White,HIGH,Done,3,24,genai,DEV,2025-04-05,2025-04-07,2025-04-08,2025-03-26,2025-04-08,2025-04-16 00:00:00
TASK-00015,User Session Timeout,Story,Customer Portal,SPR-2025-19,Sprint 19,Core,Product,Alex Smith,Robin Clark,Medium,DONE,13,40,"performance, api",PROD,2025-09-18,2025-09-19,2025-09-25,2025-09-10,2025-09-23,2025-09-25 00:00:00
TASK-00016,Fix ETL Pipeline Failure,Technical Debt,Marketplace,SPR-2025-09,Sprint 9,Marketplace,Architecture,Chris Lee,Morgan Davis,Critical,DONE,2,24,"data, backend",DEV,2025-04-25,2025-04-25,2025-05-03,2025-04-23,2025-05-06,2025-05-03 00:00:00
TASK-00017,Broken Navigation Menu,Technical Debt,Identity Service,SPR-2025-06,Sprint 6,Marketplace,Engineering,Chris Lee,Avery Lewis,High,To Do,8,16,UX,DEV,2025-03-21,2025-03-23,,2025-03-12,2025-03-25,2025-03-31 00:00:00
TASK-00018,Add Audit Logging,Spike,Backoffice,SPR-2025-20,Sprint 20,Growth,Analytics,Sam Wilson,Jamie White,High,Done,2,12,performance,PROD,2025-09-29,2025-09-29,2025-10-04,2025-09-24,2025-10-07,2025-10-09 00:00:00
TASK-00019,Create Usage Dashboard,Story,Customer Portal,SPR-2025-15,Sprint 15,Growth,Product,Taylor Brown,Avery Lewis,High,Done,13,2,data,DEV,2025-07-23,2025-07-26,2025-08-07,2025-07-16,2025-07-29,2025-08-06 00:00:00
TASK-00020,fix etl pipeline failure,Story,Marketplace,SPR-2025-14,Sprint 14,Marketplace,Architecture,Chris Lee,Avery Lewis,Low,Done,1,4,"etl, genai, Frontend",PROD,2025-07-12,2025-07-13,2025-07-20,2025-07-02,2025-07-15,2025-07-26 00:00:00
TASK-00021,Optimize Database Query,Story,Customer Portal,SPR-2025-06,Sprint 6,Core,Engineering,Taylor Brown,Morgan Davis,Critical,Testing,3,24,"security, PERFORMANCE",PROD,2025-03-19,2025-03-22,,2025-03-12,2025-03-25,2025-04-01 00:00:00
TASK-00022,Improve Mobile Responsiveness,Technical Debt,Customer Portal,SPR-2025-11,Sprint 11,Core,Engineering,Sam Wilson,Avery Lewis,Low,Done,8,2,"ux, performance",PROD,2025-05-29,2025-06-01,2025-06-08,2025-05-21,2025-06-03,2025-05-29 00:00:00
TASK-00023,Update API Documentation,Spike,Data Platform,SPR-2025-13,Sprint 13,Platform,Operations,Sam Wilson,Avery Lewis,Critical,Done,13 pts,24,"api, frontend",UAT,2025-06-23,2025-06-26,2025-06-29,2025-06-18,2025-07-01,2025-06-25 00:00:00
TASK-00024,Fix API Response Validation,Bug,Backoffice,SPR-2025-16,Sprint 16,Data,Operations,Sam Wilson,Robin Clark,Low,Blocked,2,2,api,QA,2025-07-30,2025-07-30,,2025-07-30,2025-08-12,2025-08-02 00:00:00
TASK-00025,Improve Mobile Responsiveness,Bug,Data Platform,SPR-2025-06,Sprint 6,CX,Operations,Chris Lee,Morgan Davis,medium,Done,13,4,"performance, backend",UAT,2025-03-16,2025-03-16,2025-03-26,2025-03-12,2025-03-25,2025-03-16 00:00:00
TASK-00026,Update Documentation,Spike,Customer Portal,SPR-2025-14,Sprint 14,Core,Architecture,Jordan Miller,Robin Clark,High,Done,8,12,"performance, data, SECURITY",DEV,2025-07-09,2025-07-09,2025-07-17,2025-07-02,2025-07-15,2025-07-24 00:00:00
TASK-00027,Refactor Notification Service,Spike,Marketplace,SPR-2025-11,Sprint 11,Growth,Product,Sam Wilson,Jamie White,High,In Progress,8,2,"genai, etl",PROD,2025-05-23,2025-05-26,,2025-05-21,2025-06-03,2025-05-30 00:00:00
TASK-00028,Improve Error Handling,Story,Customer Portal,SPR-2025-10,Sprint 10,Data,Operations,Sam Wilson,Drew Walker,Critical,Done,3,24,etl,UAT,2025-05-17,2025-05-19,2025-05-26,2025-05-07,2025-05-20,2025-05-20 00:00:00
TASK-00029,improve error handling,Spike,Data Platform,SPR-2025-07,Sprint 7,Data,Product,Sam Wilson,Avery Lewis,Low,Done,8,4,"backend, frontend",DEV,2025-03-30,2025-03-31,2025-04-12,2025-03-26,2025-04-08,2025-04-01 00:00:00
TASK-00030,Update Documentation,Spike,Data Platform,SPR-2025-13,Sprint 13,CX,Architecture,John Doe,Drew Walker,high,Done,2,40,"performance, mobile, ux",DEV,2025-06-25,2025-06-25,2025-06-28,2025-06-18,2025-07-01,2025-07-01 00:00:00
TASK-00031,IMPROVE ERROR HANDLING,Task,Identity Service,SPR-2025-21,Sprint 21,CX,Engineering,Jordan Miller,Morgan Davis,Low,Done,13,8h,"DATA, genai",QA,2025-10-11,2025-10-13,2025-10-16,2025-10-08,2025-10-21,2025-10-15 00:00:00
TASK-00032,Update API Documentation,Bug,Marketplace,SPR-2025-09,Sprint 9,Marketplace,Analytics,Sam Wilson,Morgan Davis,High,To Do,5,24,"etl, PERFORMANCE",DEV,2025-04-25,2025-04-25,,2025-04-23,2025-05-06,2025-05-02 00:00:00
TASK-00033,Optimize Database Query,Bug,Customer Portal,SPR-2025-22,Sprint 22,Platform,Operations,Casey Johnson,Robin Clark,Medium,Blocked,13,8,"ux, genai, backend",PROD,2025-10-31,2025-10-31,,2025-10-22,2025-11-04,2025-11-01 00:00:00
TASK-00034,Improve Mobile Responsiveness,Story,Data Platform,SPR-2025-15,Sprint 15,CX,Engineering,Sam Wilson,Avery Lewis,Low,Testing,8,2,"performance, genai",PROD,2025-07-17,2025-07-19,,2025-07-16,2025-07-29,2025-07-20 00:00:00
TASK-00035,Improve Error Handling,Task,Backoffice,SPR-2025-01,Sprint 1,Marketplace,Analytics,Jordan Miller,Avery Lewis,Medium,Done,1,2,genai,PROD,2025-01-11,2025-01-12,2025-01-13,2025-01-01,2025-01-14,2025-01-18 00:00:00
TASK-00036,Update Documentation,Technical Debt,Backoffice,SPR-2025-15,Sprint 15,Marketplace,Operations,Alex Smith,Avery Lewis,High,Done,5,40,data,PROD,2025-07-24,2025-07-25,2025-08-03,2025-07-16,2025-07-29,2025-08-04 00:00:00
TASK-00037,Fix ETL Pipeline Failure,Technical Debt,Backoffice,SPR-2025-11,Sprint 11,Platform,Product,Casey Johnson,Morgan Davis,Medium,Done,5 pts,24,"ux, API",PROD,2025-05-29,2025-06-01,2025-06-05,2025-05-21,2025-06-03,2025-05-29 00:00:00
TASK-00038,Fix User Profile Update,Technical Debt,Mobile App,SPR-2025-24,Sprint 24,CX,Product,Taylor Brown,Robin Clark,High,Done,13,2,"etl, ux, security",QA,2025-11-21,2025-11-24,2025-11-26,2025-11-19,2025-12-02,2025-11-23 00:00:00
TASK-00039,User Session Timeout,Story,Marketplace,SPR-2025-14,Sprint 14,CX,Engineering,Taylor Brown,Avery Lewis,Low,Done,3,4,"API, performance, etl",UAT,2025-07-03,2025-07-03,2025-07-04,2025-07-02,2025-07-15,2025-07-17 00:00:00
TASK-00040,improve error handling,Bug,Customer Portal,SPR-2025-09,Sprint 9,Core,Architecture,Chris Lee,Drew Walker,Critical,Done,8,12,"data, mobile",UAT,2025-05-03,2025-05-03,2025-05-08,2025-04-23,2025-05-06,2025-05-12 00:00:00
TASK-00041,User Session Timeout,Story,Identity Service,SPR-2025-01,Sprint 1,Growth,Product,Sam Wilson,Avery Lewis,Critical,Testing,3,4,"mobile, performance",DEV,2025-01-11,2025-01-14,,2025-01-01,2025-01-14,2025-01-22 00:00:00
TASK-00042,Add Audit Logging,Bug,Marketplace,SPR-2025-24,Sprint 24,Growth,Engineering,Taylor Brown,Avery Lewis,Medium,Blocked,3,8,"genai, data",UAT,2025-11-21,2025-11-21,,2025-11-19,2025-12-02,2025-11-23 00:00:00
TASK-00043,Optimize Database Query,Spike,Mobile App,SPR-2025-13,Sprint 13,Data,Product,John Doe,Robin Clark,High,Done,2,16,"security, mobile, backend",PROD,2025-06-18,2025-06-20,2025-07-01,2025-06-18,2025-07-01,2025-06-21 00:00:00
TASK-00044,Improve Error Handling,Story,Data Platform,SPR-2025-04,Sprint 4,Growth,Analytics,Chris Lee,Morgan Davis,Medium,Done,13 pts,12,"frontend, security",PROD,2025-02-15,2025-02-16,2025-02-28,2025-02-12,2025-02-25,2025-02-23 00:00:00
TASK-00045,Update API Documentation,Story,Customer Portal,SPR-2025-07,Sprint 7,Platform,Engineering,John Doe,Robin Clark,Low,To Do,2,40,etl,QA,2025-03-27,2025-03-30,,2025-03-26,2025-04-08,2025-03-31 00:00:00
TASK-00046,UPDATE DOCUMENTATION,Task,Backoffice,SPR-2025-18,Sprint 18,CX,Product,Casey Johnson,Drew Walker,Medium,In Progress,1,2,"etl, backend",QA,2025-08-31,2025-09-01,,2025-08-27,2025-09-09,2025-09-01 00:00:00
TASK-00047,Fix User Profile Update,Bug,Customer Portal,SPR-2025-24,Sprint 24,Platform,Architecture,Chris Lee,Avery Lewis,Critical,Done,5,12h,security,UAT,2025-11-29,2025-12-01,2025-12-02,2025-11-19,2025-12-02,2025-12-13 00:00:00
TASK-00048,Improve Error Handling,Task,Customer Portal,SPR-2025-17,Sprint 17,Marketplace,Operations,Jane Doe,Morgan Davis,Medium,To Do,2,40,"backend, security",DEV,2025-08-22,2025-08-25,,2025-08-13,2025-08-26,2025-08-24 00:00:00
TASK-00049,Improve Error Handling,Spike,Customer Portal,SPR-2025-14,Sprint 14,Growth,Analytics,Chris Lee,Morgan Davis,Low,Done,13,12,"frontend, data, etl",UAT,2025-07-03,2025-07-05,2025-07-15,2025-07-02,2025-07-15,2025-07-10 00:00:00
TASK-00050,OPTIMIZE DATABASE QUERY,Bug,Customer Portal,SPR-2025-14,Sprint 14,Marketplace,Product,Jane Doe,Drew Walker,High,Done,3,8h,performance,QA,2025-07-10,2025-07-10,2025-07-22,2025-07-02,2025-07-15,2025-07-22 00:00:00
TASK-00051,Refactor Notification Service,Spike,Marketplace,SPR-2025-14,Sprint 14,CX,Operations,Jordan Miller,Robin Clark,Low,In Progress,2,16h,data,QA,2025-07-09,2025-07-11,,2025-07-02,2025-07-15,2025-07-12 00:00:00
TASK-00052,Fix User Profile Update,Bug,Mobile App,SPR-2025-12,Sprint 12,Core,Operations,Alex Smith,Jamie White,HIGH,Testing,5,2h,"mobile, api",PROD,2025-06-10,2025-06-10,,2025-06-04,2025-06-17,2025-06-17 00:00:00
TASK-00053,User Session Timeout,Technical Debt,Marketplace,SPR-2025-17,Sprint 17,Marketplace,Analytics,Jane Doe,Avery Lewis,Critical,To Do,3,16,"ux, data, Backend",DEV,2025-08-21,2025-08-23,,2025-08-13,2025-08-26,2025-08-28 00:00:00
TASK-00054,Refactor Notification Service,Story,Customer Portal,SPR-2025-14,Sprint 14,CX,Engineering,Jane Doe,Jamie White,medium,Done,13,16,"security, Api",PROD,2025-07-11,2025-07-14,2025-07-19,2025-07-02,2025-07-15,2025-07-25 00:00:00
TASK-00055,Update API Documentation,Spike,Marketplace,SPR-2025-19,Sprint 19,Growth,Product,Chris Lee,Robin Clark,High,Done,1,24,"performance, FRONTEND",DEV,2025-09-19,2025-09-22,2025-10-03,2025-09-10,2025-09-23,2025-09-21 00:00:00
TASK-00056,User Session Timeout,Spike,Marketplace,SPR-2025-20,Sprint 20,CX,Architecture,Alex Smith,Robin Clark,Medium,Done,5,2,"backend, ETL",UAT,2025-10-03,2025-10-06,2025-10-18,2025-09-24,2025-10-07,2025-10-12 00:00:00
TASK-00057,REFACTOR NOTIFICATION SERVICE,Spike,Customer Portal,SPR-2025-13,Sprint 13,CX,Product,Sam Wilson,Drew Walker,Low,done,5,24,"api, Security, backend",PROD,2025-06-24,2025-06-26,2025-07-07,2025-06-18,2025-07-01,2025-07-04 00:00:00
TASK-00058,Login Error,Bug,Backoffice,SPR-2025-05,Sprint 5,CX,Architecture,John Doe,Robin Clark,Medium,Done,3,12,API,QA,2025-03-08,2025-03-08,2025-03-14,2025-02-26,2025-03-11,2025-03-20 00:00:00
TASK-00059,DATA SYNC FAILURE,Story,Data Platform,SPR-2025-05,Sprint 5,Marketplace,Architecture,Casey Johnson,Avery Lewis,High,Done,2,16,"genai, mobile, etl",UAT,2025-02-28,2025-03-01,2025-03-04,2025-02-26,2025-03-11,2025-03-12 00:00:00
TASK-00060,update api documentation,Technical Debt,Customer Portal,SPR-2025-17,Sprint 17,Core,Product,Taylor Brown,Avery Lewis,high,Blocked,5,16,"ETL, Backend, data",UAT,2025-08-21,2025-08-24,,2025-08-13,2025-08-26,2025-08-21 00:00:00
TASK-00061,Broken Navigation Menu,Spike,Identity Service,SPR-2025-14,Sprint 14,Data,Operations,Casey Johnson,Drew Walker,High,Done,13,40,data,DEV,2025-07-02,2025-07-05,2025-07-07,2025-07-02,2025-07-15,2025-07-04 00:00:00
TASK-00062,Update API Documentation,Bug,Identity Service,SPR-2025-01,Sprint 1,CX,Architecture,Taylor Brown,Jamie White,Low,Done,2,2,"Performance, genai, backend",UAT,2025-01-05,2025-01-06,2025-01-18,2025-01-01,2025-01-14,2025-01-18 00:00:00
TASK-00063,Fix API Response Validation,Bug,Data Platform,SPR-2025-01,Sprint 1,Growth,Analytics,Taylor Brown,Morgan Davis,high,In Progress,8,40,"FRONTEND, ux, genai",UAT,2025-01-10,2025-01-12,,2025-01-01,2025-01-14,2025-01-14 00:00:00
TASK-00064,Data Sync Failure,Story,Mobile App,SPR-2025-02,Sprint 2,Platform,Analytics,Jordan Miller,Drew Walker,Critical,Done,2 pts,40,data,PROD,2025-01-20,2025-01-22,2025-02-02,2025-01-15,2025-01-28,2025-01-28 00:00:00
TASK-00065,User Session Timeout,Technical Debt,Data Platform,SPR-2025-02,Sprint 2,Growth,Operations,Jane Doe,Avery Lewis,High,Testing,3,12,"security, api",QA,2025-01-25,2025-01-26,,2025-01-15,2025-01-28,2025-02-03 00:00:00
TASK-00066,Data Sync Failure,Bug,Mobile App,SPR-2025-11,Sprint 11,Marketplace,Operations,Chris Lee,Drew Walker,Critical,Testing,5,2,"performance, ux",QA,2025-05-22,2025-05-22,,2025-05-21,2025-06-03,2025-05-22 00:00:00
TASK-00067,Broken Navigation Menu,Task,Marketplace,SPR-2025-05,Sprint 5,Platform,Analytics,Taylor Brown,Morgan Davis,Low,to do,13,8,Performance,DEV,2025-03-07,2025-03-10,,2025-02-26,2025-03-11,2025-03-12 00:00:00
TASK-00068,Optimize Database Query,Spike,Mobile App,SPR-2025-16,Sprint 16,Marketplace,Analytics,Chris Lee,Morgan Davis,Medium,Blocked,3,12,backend,UAT,2025-08-07,2025-08-10,,2025-07-30,2025-08-12,2025-08-16 00:00:00
TASK-00069,Implement MFA Authentication,Technical Debt,Marketplace,SPR-2025-06,Sprint 6,Core,Architecture,Jane Doe,Jamie White,Medium,Done,1,16,"api, backend, etl",UAT,2025-03-22,2025-03-23,2025-03-25,2025-03-12,2025-03-25,2025-03-24 00:00:00
TASK-00070,Improve Error Handling,Story,Customer Portal,SPR-2025-15,Sprint 15,Platform,Engineering,Chris Lee,Drew Walker,Medium,In Progress,2,40h,Etl,UAT,2025-07-23,2025-07-25,,2025-07-16,2025-07-29,2025-07-25 00:00:00
TASK-00071,improve error handling,Task,Identity Service,SPR-2025-09,Sprint 9,Data,Architecture,Jordan Miller,Drew Walker,Medium,In Progress,8,24,"SECURITY, frontend, etl",DEV,2025-04-26,2025-04-28,,2025-04-23,2025-05-06,2025-05-11 00:00:00
TASK-00072,Improve Mobile Responsiveness,Task,Marketplace,SPR-2025-21,Sprint 21,Data,Analytics,Jane Doe,Robin Clark,Low,Done,2,12,"performance, api",QA,2025-10-16,2025-10-18,2025-10-22,2025-10-08,2025-10-21,2025-10-30 00:00:00
TASK-00073,Checkout Button Not Responding,Technical Debt,Marketplace,SPR-2025-04,Sprint 4,Core,Analytics,Casey Johnson,Morgan Davis,Critical,in progress,2,16,api,DEV,2025-02-16,2025-02-19,,2025-02-12,2025-02-25,2025-02-28 00:00:00
TASK-00074,User Session Timeout,Technical Debt,Backoffice,SPR-2025-17,Sprint 17,Data,Analytics,Sam Wilson,Morgan Davis,Critical,In Progress,1,12,"security, ux",PROD,2025-08-20,2025-08-21,,2025-08-13,2025-08-26,2025-09-03 00:00:00
TASK-00075,Broken Navigation Menu,Task,Marketplace,SPR-2025-18,Sprint 18,CX,Operations,Alex Smith,Drew Walker,High,in progress,3,4,"ETL, Frontend",QA,2025-08-31,2025-08-31,,2025-08-27,2025-09-09,2025-09-10 00:00:00
TASK-00076,Review Access Permissions,Bug,Backoffice,SPR-2025-20,Sprint 20,Core,Analytics,Taylor Brown,Morgan Davis,Critical,Done,3,2,"backend, ux, data",PROD,2025-09-29,2025-09-30,2025-10-05,2025-09-24,2025-10-07,2025-10-04 00:00:00
TASK-00077,User Session Timeout,Technical Debt,Marketplace,SPR-2025-17,Sprint 17,Marketplace,Product,Alex Smith,Drew Walker,Low,In Progress,5,4,ux,QA,2025-08-23,2025-08-26,,2025-08-13,2025-08-26,2025-09-02 00:00:00
TASK-00078,Improve Error Handling,Task,Data Platform,SPR-2025-22,Sprint 22,Marketplace,Engineering,Casey Johnson,Robin Clark,High,Testing,13,40,"genai, mobile, etl",PROD,2025-10-29,2025-11-01,,2025-10-22,2025-11-04,2025-11-09 00:00:00
TASK-00079,Improve Mobile Responsiveness,Task,Identity Service,SPR-2025-18,Sprint 18,Core,Engineering,Taylor Brown,Drew Walker,Critical,In Progress,2,8,security,UAT,2025-08-31,2025-09-02,,2025-08-27,2025-09-09,2025-09-08 00:00:00
TASK-00080,Create Monitoring Alerts,Story,Marketplace,SPR-2025-05,Sprint 5,Marketplace,Operations,Casey Johnson,Jamie White,medium,In Progress,5,12,frontend,UAT,2025-02-27,2025-02-28,,2025-02-26,2025-03-11,2025-03-09 00:00:00
TASK-00081,Review Access Permissions,Story,Identity Service,SPR-2025-10,Sprint 10,Platform,Product,John Doe,Robin Clark,Low,blocked,2,40,ux,DEV,2025-05-17,2025-05-17,,2025-05-07,2025-05-20,2025-05-27 00:00:00
TASK-00082,Data Sync Failure,Technical Debt,Identity Service,SPR-2025-10,Sprint 10,Data,Engineering,Jordan Miller,Avery Lewis,Low,Done,13,8,security,UAT,2025-05-14,2025-05-17,2025-05-26,2025-05-07,2025-05-20,2025-05-16 00:00:00
TASK-00083,Refactor Notification Service,Story,Mobile App,SPR-2025-13,Sprint 13,Marketplace,Product,Casey Johnson,Robin Clark,Low,In Progress,2,8,"performance, frontend",QA,2025-06-28,2025-06-28,,2025-06-18,2025-07-01,2025-07-10 00:00:00
TASK-00084,Broken Navigation Menu,Story,Customer Portal,SPR-2025-22,Sprint 22,Marketplace,Architecture,Jane Doe,Drew Walker,Medium,Done,5,24,"ux, etl",PROD,2025-10-30,2025-11-01,2025-11-06,2025-10-22,2025-11-04,2025-11-10 00:00:00
TASK-00085,Create Monitoring Alerts,Spike,Backoffice,SPR-2025-03,Sprint 3,Growth,Architecture,Casey Johnson,Robin Clark,Medium,To Do,8,24,"genai, backend, performance",DEV,2025-02-07,2025-02-07,,2025-01-29,2025-02-11,2025-02-19 00:00:00
TASK-00086,Fix API Response Validation,Spike,Data Platform,SPR-2025-09,Sprint 9,Core,Operations,Jordan Miller,Avery Lewis,Low,DONE,1,12h,"api, performance",DEV,2025-04-23,2025-04-24,2025-04-30,2025-04-23,2025-05-06,2025-04-27 00:00:00
TASK-00087,create monitoring alerts,Task,Customer Portal,SPR-2025-21,Sprint 21,Marketplace,Product,John Doe,Avery Lewis,Medium,In Progress,1,12,"ux, etl, performance",DEV,2025-10-13,2025-10-13,,2025-10-08,2025-10-21,2025-10-20 00:00:00
TASK-00088,User Session Timeout,Task,Customer Portal,SPR-2025-07,Sprint 7,Marketplace,Architecture,Chris Lee,Drew Walker,Low,Done,2,40,api,UAT,2025-03-27,2025-03-27,2025-04-07,2025-03-26,2025-04-08,2025-04-03 00:00:00
TASK-00089,Review Access Permissions,Story,Backoffice,SPR-2025-10,Sprint 10,Core,Engineering,Taylor Brown,Robin Clark,Medium,Done,5,2,"ux, etl, security",QA,2025-05-09,2025-05-10,2025-05-19,2025-05-07,2025-05-20,2025-05-23 00:00:00
TASK-00090,Update Documentation,Story,Mobile App,SPR-2025-02,Sprint 2,Platform,Operations,John Doe,Morgan Davis,High,Blocked,13 pts,12,etl,QA,2025-01-23,2025-01-26,,2025-01-15,2025-01-28,2025-01-29 00:00:00
TASK-00091,Implement MFA Authentication,Technical Debt,Data Platform,SPR-2025-16,Sprint 16,Platform,Operations,Casey Johnson,Drew Walker,Low,Testing,5,24,ux,UAT,2025-08-02,2025-08-04,,2025-07-30,2025-08-12,2025-08-11 00:00:00
TASK-00092,Fix User Profile Update,Technical Debt,Backoffice,SPR-2025-09,Sprint 9,CX,Operations,Sam Wilson,Jamie White,High,Done,3,2,API,QA,2025-04-28,2025-05-01,2025-05-13,2025-04-23,2025-05-06,2025-05-08 00:00:00
TASK-00093,Refactor Notification Service,Technical Debt,Identity Service,SPR-2025-08,Sprint 8,Growth,Architecture,John Doe,Morgan Davis,Critical,Done,13,12,"api, performance",DEV,2025-04-15,2025-04-16,2025-04-27,2025-04-09,2025-04-22,2025-04-15 00:00:00
TASK-00094,Implement MFA Authentication,Task,Backoffice,SPR-2025-14,Sprint 14,Platform,Product,Jordan Miller,Jamie White,high,To Do,13,16,"genai, frontend, ETL",DEV,2025-07-04,2025-07-05,,2025-07-02,2025-07-15,2025-07-07 00:00:00
TASK-00095,Broken Navigation Menu,Bug,Identity Service,SPR-2025-17,Sprint 17,Marketplace,Product,Jane Doe,Avery Lewis,critical,In Progress,5,4,data,PROD,2025-08-15,2025-08-16,,2025-08-13,2025-08-26,2025-08-27 00:00:00
TASK-00096,Fix User Profile Update,Technical Debt,Backoffice,SPR-2025-18,Sprint 18,Marketplace,Product,Alex Smith,Robin Clark,High,Done,1,2,"PERFORMANCE, GENAI, data",DEV,2025-09-03,2025-09-03,2025-09-05,2025-08-27,2025-09-09,2025-09-09 00:00:00
TASK-00097,Review Access Permissions,Task,Backoffice,SPR-2025-19,Sprint 19,CX,Architecture,Jordan Miller,Robin Clark,Critical,Blocked,8,40,"BACKEND, etl, security",DEV,2025-09-12,2025-09-15,,2025-09-10,2025-09-23,2025-09-20 00:00:00
TASK-00098,Create Usage Dashboard,Story,Identity Service,SPR-2025-15,Sprint 15,Core,Analytics,Chris Lee,Morgan Davis,critical,Done,8,4,Data,DEV,2025-07-23,2025-07-24,2025-07-31,2025-07-16,2025-07-29,2025-07-23 00:00:00
TASK-00099,Create Usage Dashboard,Bug,Identity Service,SPR-2025-10,Sprint 10,CX,Engineering,Alex Smith,Avery Lewis,Critical,Done,1,2,"ux, frontend",QA,2025-05-14,2025-05-16,2025-05-18,2025-05-07,2025-05-20,2025-05-18 00:00:00
TASK-00100,Optimize Database Query,Bug,Marketplace,SPR-2025-09,Sprint 9,Platform,Architecture,Jordan Miller,Robin Clark,Critical,done,3,4,"performance, Mobile",PROD,2025-04-27,2025-04-29,2025-05-06,2025-04-23,2025-05-06,2025-05-07 00:00:00
TASK-00101,Implement MFA Authentication,Technical Debt,Customer Portal,SPR-2025-14,Sprint 14,CX,Architecture,Alex Smith,Drew Walker,Medium,Testing,3,24,"mobile, security, ux",DEV,2025-07-12,2025-07-13,,2025-07-02,2025-07-15,2025-07-26 00:00:00
TASK-00102,Add Audit Logging,Spike,Backoffice,SPR-2025-23,Sprint 23,CX,Operations,John Doe,Robin Clark,Medium,Done,2,4,"backend, genai",DEV,2025-11-08,2025-11-11,2025-11-13,2025-11-05,2025-11-18,2025-11-11 00:00:00
TASK-00103,Review Access Permissions,Technical Debt,Backoffice,SPR-2025-08,Sprint 8,CX,Architecture,Taylor Brown,Avery Lewis,Critical,In Progress,3,12,data,UAT,2025-04-19,2025-04-21,,2025-04-09,2025-04-22,2025-05-01 00:00:00
TASK-00104,Improve Search Performance,Spike,Mobile App,SPR-2025-15,Sprint 15,Core,Operations,Chris Lee,Morgan Davis,Low,TESTING,13,8,etl,UAT,2025-07-26,2025-07-27,,2025-07-16,2025-07-29,2025-07-27 00:00:00
TASK-00105,Create Usage Dashboard,Spike,Marketplace,SPR-2025-23,Sprint 23,Growth,Architecture,Taylor Brown,Avery Lewis,Medium,Done,8,16,"mobile, Ux",PROD,2025-11-06,2025-11-06,2025-11-17,2025-11-05,2025-11-18,2025-11-18 00:00:00
TASK-00106,Fix API Response Validation,Technical Debt,Mobile App,SPR-2025-01,Sprint 1,Platform,Analytics,Casey Johnson,Drew Walker,Medium,Testing,2,8,"etl, security",QA,2025-01-04,2025-01-05,,2025-01-01,2025-01-14,2025-01-13 00:00:00
TASK-00107,checkout button not responding,Story,Backoffice,SPR-2025-20,Sprint 20,Data,Operations,Sam Wilson,Jamie White,High,Done,8,16,"ux, api",QA,2025-10-03,2025-10-03,2025-10-07,2025-09-24,2025-10-07,2025-10-13 00:00:00
TASK-00108,Update Documentation,Story,Data Platform,SPR-2025-15,Sprint 15,Growth,Analytics,Taylor Brown,Drew Walker,Critical,Done,8,12,"Genai, performance",UAT,2025-07-25,2025-07-25,2025-08-02,2025-07-16,2025-07-29,2025-07-30 00:00:00
TASK-00109,Optimize Database Query,Spike,Data Platform,SPR-2025-15,Sprint 15,Platform,Product,Casey Johnson,Morgan Davis,High,Done,1,12,"backend, mobile",QA,2025-07-25,2025-07-28,2025-07-30,2025-07-16,2025-07-29,2025-07-31 00:00:00
TASK-00110,Create Usage Dashboard,Bug,Customer Portal,SPR-2025-24,Sprint 24,Core,Product,Sam Wilson,Jamie White,Medium,Done,1,16,"api, security, data",QA,2025-11-28,2025-11-30,2025-12-07,2025-11-19,2025-12-02,2025-12-05 00:00:00
TASK-00111,Update Documentation,Task,Identity Service,SPR-2025-05,Sprint 5,Platform,Operations,Casey Johnson,Robin Clark,High,Done,5,24,ux,DEV,2025-03-03,2025-03-04,2025-03-12,2025-02-26,2025-03-11,2025-03-05 00:00:00
TASK-00112,Implement MFA Authentication,Task,Identity Service,SPR-2025-24,Sprint 24,Growth,Product,Jane Doe,Avery Lewis,Medium,Done,3,8,performance,DEV,2025-11-26,2025-11-28,2025-12-05,2025-11-19,2025-12-02,2025-11-29 00:00:00
TASK-00113,Implement MFA Authentication,Story,Mobile App,SPR-2025-06,Sprint 6,Core,Analytics,Taylor Brown,Avery Lewis,Medium,To Do,3,8h,"data, backend",DEV,2025-03-19,2025-03-22,,2025-03-12,2025-03-25,2025-03-22 00:00:00
TASK-00114,Create Monitoring Alerts,Spike,Mobile App,SPR-2025-01,Sprint 1,Marketplace,Product,Jane Doe,Robin Clark,LOW,To Do,3,40,GENAI,UAT,2025-01-04,2025-01-07,,2025-01-01,2025-01-14,2025-01-13 00:00:00
TASK-00115,Create Monitoring Alerts,Bug,Customer Portal,SPR-2025-05,Sprint 5,Growth,Architecture,Jordan Miller,Robin Clark,Medium,Done,13,24,"performance, GENAI",PROD,2025-03-04,2025-03-05,2025-03-07,2025-02-26,2025-03-11,2025-03-14 00:00:00
TASK-00116,Update API Documentation,Spike,Data Platform,SPR-2025-05,Sprint 5,Marketplace,Product,Taylor Brown,Avery Lewis,High,Done,13 pts,40,"mobile, Etl",PROD,2025-03-01,2025-03-03,2025-03-13,2025-02-26,2025-03-11,2025-03-04 00:00:00
TASK-00117,refactor notification service,Bug,Data Platform,SPR-2025-08,Sprint 8,Data,Product,John Doe,Avery Lewis,Critical,Done,13,12,frontend,UAT,2025-04-16,2025-04-16,2025-04-22,2025-04-09,2025-04-22,2025-04-29 00:00:00
TASK-00118,optimize database query,Story,Mobile App,SPR-2025-14,Sprint 14,Data,Product,Jordan Miller,Morgan Davis,Low,Done,2,4,"performance, backend",PROD,2025-07-08,2025-07-08,2025-07-11,2025-07-02,2025-07-15,2025-07-09 00:00:00
TASK-00119,Login Error,Technical Debt,Mobile App,SPR-2025-10,Sprint 10,Platform,Architecture,Jane Doe,Avery Lewis,High,In Progress,13,8,"backend, frontend",PROD,2025-05-17,2025-05-18,,2025-05-07,2025-05-20,2025-05-28 00:00:00
TASK-00120,Review Access Permissions,Spike,Customer Portal,SPR-2025-02,Sprint 2,Data,Product,Jordan Miller,Jamie White,Low,Done,8 pts,40,frontend,UAT,2025-01-22,2025-01-23,2025-01-25,2025-01-15,2025-01-28,2025-01-29 00:00:00
TASK-00121,Create Monitoring Alerts,Bug,Data Platform,SPR-2025-14,Sprint 14,Data,Analytics,Sam Wilson,Drew Walker,Low,Done,8,12h,"data, performance",QA,2025-07-07,2025-07-09,2025-07-11,2025-07-02,2025-07-15,2025-07-21 00:00:00
TASK-00122,Improve Error Handling,Task,Mobile App,SPR-2025-12,Sprint 12,Data,Architecture,Taylor Brown,Avery Lewis,Medium,Blocked,5 pts,16,"frontend, security, performance",PROD,2025-06-13,2025-06-16,,2025-06-04,2025-06-17,2025-06-14 00:00:00
TASK-00123,Create Monitoring Alerts,Task,Data Platform,SPR-2025-05,Sprint 5,Core,Analytics,Chris Lee,Avery Lewis,High,To Do,13 pts,2,"ux, backend, frontend",UAT,2025-03-02,2025-03-02,,2025-02-26,2025-03-11,2025-03-09 00:00:00
TASK-00124,Improve Search Performance,Task,Identity Service,SPR-2025-03,Sprint 3,Marketplace,Architecture,John Doe,Jamie White,Critical,Done,1,40,"genai, DATA",UAT,2025-02-01,2025-02-02,2025-02-05,2025-01-29,2025-02-11,2025-02-05 00:00:00
TASK-00125,Optimize Database Query,Story,Mobile App,SPR-2025-03,Sprint 3,Growth,Product,Taylor Brown,Jamie White,MEDIUM,DONE,5,16,backend,QA,2025-02-01,2025-02-03,2025-02-08,2025-01-29,2025-02-11,2025-02-13 00:00:00
TASK-00126,Login Error,Technical Debt,Marketplace,SPR-2025-12,Sprint 12,Marketplace,Operations,Casey Johnson,Morgan Davis,Medium,Done,5,2,"backend, FRONTEND",PROD,2025-06-14,2025-06-14,2025-06-16,2025-06-04,2025-06-17,2025-06-27 00:00:00
TASK-00127,Data Sync Failure,Technical Debt,Customer Portal,SPR-2025-06,Sprint 6,Marketplace,Architecture,John Doe,Avery Lewis,Low,Blocked,8,8,"genai, Frontend, Backend",UAT,2025-03-17,2025-03-18,,2025-03-12,2025-03-25,2025-04-01 00:00:00
TASK-00128,Improve Mobile Responsiveness,Technical Debt,Customer Portal,SPR-2025-18,Sprint 18,Data,Product,Taylor Brown,Jamie White,Low,Blocked,2 pts,40,genai,UAT,2025-09-03,2025-09-05,,2025-08-27,2025-09-09,2025-09-04 00:00:00
TASK-00129,Create Usage Dashboard,Technical Debt,Data Platform,SPR-2025-08,Sprint 8,Data,Operations,John Doe,Morgan Davis,High,Done,13,16h,"security, api, mobile",DEV,2025-04-18,2025-04-21,2025-04-24,2025-04-09,2025-04-22,2025-04-25 00:00:00
TASK-00130,Implement MFA Authentication,Task,Mobile App,SPR-2025-20,Sprint 20,Platform,Operations,Jane Doe,Robin Clark,High,DONE,3 pts,4,backend,UAT,2025-09-27,2025-09-27,2025-10-07,2025-09-24,2025-10-07,2025-10-07 00:00:00
TASK-00131,Refactor Notification Service,Spike,Backoffice,SPR-2025-05,Sprint 5,Growth,Engineering,Chris Lee,Drew Walker,High,Done,8,12,"data, api, etl",QA,2025-02-28,2025-03-03,2025-03-14,2025-02-26,2025-03-11,2025-03-03 00:00:00
TASK-00132,Create Usage Dashboard,Bug,Identity Service,SPR-2025-16,Sprint 16,Growth,Product,Jordan Miller,Avery Lewis,Low,Done,13,8,"mobile, performance",PROD,2025-08-01,2025-08-03,2025-08-09,2025-07-30,2025-08-12,2025-08-06 00:00:00
TASK-00133,Review Access Permissions,Spike,Customer Portal,SPR-2025-14,Sprint 14,Marketplace,Product,Jane Doe,Robin Clark,Medium,Done,1,2,"DATA, Backend",PROD,2025-07-09,2025-07-12,2025-07-20,2025-07-02,2025-07-15,2025-07-09 00:00:00
TASK-00134,Improve Search Performance,Spike,Customer Portal,SPR-2025-14,Sprint 14,Growth,Analytics,John Doe,Avery Lewis,Medium,Done,8,24,"DATA, performance, mobile",DEV,2025-07-12,2025-07-13,2025-07-14,2025-07-02,2025-07-15,2025-07-21 00:00:00
TASK-00135,Create Usage Dashboard,Spike,Mobile App,SPR-2025-22,Sprint 22,Platform,Operations,Casey Johnson,Robin Clark,Low,IN PROGRESS,1,12,"Data, backend, ux",QA,2025-11-01,2025-11-04,,2025-10-22,2025-11-04,2025-11-09 00:00:00
TASK-00136,Broken Navigation Menu,Spike,Identity Service,SPR-2025-19,Sprint 19,Growth,Architecture,Alex Smith,Morgan Davis,Critical,Done,8,2,"ux, etl, genai",PROD,2025-09-10,2025-09-11,2025-09-13,2025-09-10,2025-09-23,2025-09-15 00:00:00
TASK-00137,Add Audit Logging,Spike,Backoffice,SPR-2025-06,Sprint 6,Platform,Analytics,Casey Johnson,Morgan Davis,Medium,In Progress,3,24,backend,PROD,2025-03-15,2025-03-16,,2025-03-12,2025-03-25,2025-03-18 00:00:00
TASK-00138,Improve Search Performance,Spike,Mobile App,SPR-2025-14,Sprint 14,Core,Analytics,Taylor Brown,Morgan Davis,Low,Done,8,12,"Genai, performance, frontend",PROD,2025-07-04,2025-07-05,2025-07-07,2025-07-02,2025-07-15,2025-07-12 00:00:00
TASK-00139,Fix User Profile Update,Spike,Customer Portal,SPR-2025-12,Sprint 12,Core,Operations,Chris Lee,Morgan Davis,Low,Done,2,24,"data, UX",QA,2025-06-04,2025-06-06,2025-06-11,2025-06-04,2025-06-17,2025-06-06 00:00:00
TASK-00140,REVIEW ACCESS PERMISSIONS,Task,Data Platform,SPR-2025-10,Sprint 10,Core,Architecture,Jordan Miller,Morgan Davis,Medium,In Progress,2,4h,security,DEV,2025-05-15,2025-05-18,,2025-05-07,2025-05-20,2025-05-22 00:00:00
TASK-00141,Review Access Permissions,Technical Debt,Customer Portal,SPR-2025-12,Sprint 12,Data,Engineering,Taylor Brown,Robin Clark,High,In Progress,3,24h,UX,PROD,2025-06-11,2025-06-14,,2025-06-04,2025-06-17,2025-06-11 00:00:00
TASK-00142,Update API Documentation,Task,Identity Service,SPR-2025-22,Sprint 22,CX,Architecture,Jordan Miller,Drew Walker,Medium,Blocked,3,24,"ux, security",DEV,2025-10-22,2025-10-25,,2025-10-22,2025-11-04,2025-10-22 00:00:00
TASK-00143,Checkout Button Not Responding,Technical Debt,Marketplace,SPR-2025-17,Sprint 17,Marketplace,Analytics,Alex Smith,Morgan Davis,critical,Done,3,40,"data, mobile, API",PROD,2025-08-23,2025-08-25,2025-08-30,2025-08-13,2025-08-26,2025-09-01 00:00:00
TASK-00144,Review Access Permissions,Story,Data Platform,SPR-2025-09,Sprint 9,Growth,Operations,Alex Smith,Robin Clark,High,DONE,2,24,"security, etl, data",QA,2025-04-29,2025-05-02,2025-05-14,2025-04-23,2025-05-06,2025-05-09 00:00:00
TASK-00145,Add Audit Logging,Technical Debt,Mobile App,SPR-2025-21,Sprint 21,Core,Engineering,Jane Doe,Avery Lewis,High,Done,8,40,performance,UAT,2025-10-09,2025-10-10,2025-10-15,2025-10-08,2025-10-21,2025-10-22 00:00:00
TASK-00146,Review Access Permissions,Story,Backoffice,SPR-2025-02,Sprint 2,Data,Operations,Jane Doe,Jamie White,Critical,Blocked,13,2,"API, security, frontend",PROD,2025-01-17,2025-01-18,,2025-01-15,2025-01-28,2025-01-30 00:00:00
TASK-00147,Broken Navigation Menu,Task,Customer Portal,SPR-2025-13,Sprint 13,Growth,Product,Sam Wilson,Robin Clark,High,DONE,8,24h,"mobile, Performance, security",PROD,2025-06-24,2025-06-27,2025-07-01,2025-06-18,2025-07-01,2025-07-04 00:00:00
TASK-00148,Broken Navigation Menu,Technical Debt,Backoffice,SPR-2025-14,Sprint 14,Data,Product,Chris Lee,Morgan Davis,Medium,Testing,5 pts,4,mobile,PROD,2025-07-12,2025-07-13,,2025-07-02,2025-07-15,2025-07-20 00:00:00
TASK-00149,LOGIN ERROR,Bug,Data Platform,SPR-2025-18,Sprint 18,Core,Product,Sam Wilson,Drew Walker,Low,DONE,5,8,mobile,QA,2025-09-05,2025-09-05,2025-09-07,2025-08-27,2025-09-09,2025-09-18 00:00:00
TASK-00150,Fix User Profile Update,Spike,Data Platform,SPR-2025-04,Sprint 4,Data,Product,John Doe,Morgan Davis,Medium,Testing,8,8,"api, frontend",DEV,2025-02-20,2025-02-20,,2025-02-12,2025-02-25,2025-03-07 00:00:00
TASK-00151,Fix ETL Pipeline Failure,Bug,Mobile App,SPR-2025-05,Sprint 5,Data,Engineering,Chris Lee,Robin Clark,High,Done,1 pts,4,"security, Performance",PROD,2025-02-27,2025-02-27,2025-03-04,2025-02-26,2025-03-11,2025-03-07 00:00:00
TASK-00152,Improve Mobile Responsiveness,Bug,Customer Portal,SPR-2025-24,Sprint 24,Growth,Operations,Casey Johnson,Drew Walker,High,Done,13,40,Backend,PROD,2025-11-20,2025-11-22,2025-11-29,2025-11-19,2025-12-02,2025-11-25 00:00:00
TASK-00153,Update Documentation,Technical Debt,Customer Portal,SPR-2025-20,Sprint 20,Marketplace,Analytics,Jane Doe,Avery Lewis,Critical,Done,5,2,"frontend, etl",QA,2025-09-30,2025-10-02,2025-10-14,2025-09-24,2025-10-07,2025-10-15 00:00:00
TASK-00154,UPDATE API DOCUMENTATION,Technical Debt,Customer Portal,SPR-2025-12,Sprint 12,CX,Operations,Jordan Miller,Jamie White,Medium,In Progress,5,40,"security, mobile",DEV,2025-06-14,2025-06-17,,2025-06-04,2025-06-17,2025-06-28 00:00:00
TASK-00155,refactor notification service,Spike,Data Platform,SPR-2025-15,Sprint 15,Platform,Product,Taylor Brown,Avery Lewis,Critical,To Do,1,12h,"frontend, backend, data",UAT,2025-07-25,2025-07-28,,2025-07-16,2025-07-29,2025-08-09 00:00:00
TASK-00156,FIX ETL PIPELINE FAILURE,Spike,Mobile App,SPR-2025-23,Sprint 23,Platform,Architecture,Taylor Brown,Jamie White,High,Done,3,8,api,DEV,2025-11-15,2025-11-17,2025-11-28,2025-11-05,2025-11-18,2025-11-27 00:00:00
TASK-00157,User Session Timeout,Bug,Backoffice,SPR-2025-07,Sprint 7,Core,Architecture,Casey Johnson,Drew Walker,Low,Done,5,16,GENAI,QA,2025-04-02,2025-04-03,2025-04-10,2025-03-26,2025-04-08,2025-04-07 00:00:00
TASK-00158,Create Monitoring Alerts,Technical Debt,Identity Service,SPR-2025-24,Sprint 24,Marketplace,Architecture,Sam Wilson,Drew Walker,Critical,Done,13,8,"data, Genai",UAT,2025-11-21,2025-11-21,2025-11-27,2025-11-19,2025-12-02,2025-11-27 00:00:00
TASK-00159,Create Usage Dashboard,Bug,Mobile App,SPR-2025-07,Sprint 7,Core,Engineering,John Doe,Morgan Davis,High,Done,3,16,"ux, etl, DATA",QA,2025-03-29,2025-03-31,2025-04-03,2025-03-26,2025-04-08,2025-04-06 00:00:00
TASK-00160,Checkout Button Not Responding,Task,Identity Service,SPR-2025-06,Sprint 6,Marketplace,Product,Jordan Miller,Avery Lewis,Low,in progress,5,40,"mobile, etl, ux",PROD,2025-03-16,2025-03-18,,2025-03-12,2025-03-25,2025-03-26 00:00:00
TASK-00161,Fix ETL Pipeline Failure,Bug,Customer Portal,SPR-2025-18,Sprint 18,Data,Architecture,Jane Doe,Avery Lewis,High,Done,8,4,data,DEV,2025-08-27,2025-08-27,2025-09-04,2025-08-27,2025-09-09,2025-09-09 00:00:00
TASK-00162,OPTIMIZE DATABASE QUERY,Task,Backoffice,SPR-2025-09,Sprint 9,Data,Engineering,Jane Doe,Drew Walker,Critical,In Progress,2 pts,8,"performance, data, GENAI",QA,2025-05-01,2025-05-03,,2025-04-23,2025-05-06,2025-05-14 00:00:00
TASK-00163,Implement MFA Authentication,Technical Debt,Customer Portal,SPR-2025-18,Sprint 18,Growth,Analytics,Jordan Miller,Morgan Davis,High,To Do,2,16,"frontend, backend, security",PROD,2025-09-04,2025-09-07,,2025-08-27,2025-09-09,2025-09-12 00:00:00
TASK-00164,Broken Navigation Menu,Technical Debt,Backoffice,SPR-2025-18,Sprint 18,Growth,Product,Taylor Brown,Jamie White,Critical,Blocked,3,4,Backend,PROD,2025-08-31,2025-08-31,,2025-08-27,2025-09-09,2025-09-03 00:00:00
TASK-00165,UPDATE DOCUMENTATION,Task,Marketplace,SPR-2025-07,Sprint 7,Core,Operations,Jordan Miller,Avery Lewis,HIGH,Done,1 pts,40,performance,UAT,2025-04-03,2025-04-06,2025-04-18,2025-03-26,2025-04-08,2025-04-03 00:00:00
TASK-00166,Fix API Response Validation,Bug,Marketplace,SPR-2025-13,Sprint 13,Data,Architecture,Taylor Brown,Jamie White,Low,Done,1,16,"data, backend, performance",PROD,2025-06-28,2025-06-28,2025-07-08,2025-06-18,2025-07-01,2025-07-07 00:00:00
TASK-00167,Broken Navigation Menu,Task,Customer Portal,SPR-2025-21,Sprint 21,Core,Architecture,Alex Smith,Jamie White,Low,Done,8,2h,"ux, etl, backend",QA,2025-10-10,2025-10-12,2025-10-24,2025-10-08,2025-10-21,2025-10-17 00:00:00
TASK-00168,Review Access Permissions,Task,Data Platform,SPR-2025-20,Sprint 20,Data,Engineering,Jane Doe,Robin Clark,Critical,In Progress,1,2,performance,DEV,2025-09-28,2025-09-29,,2025-09-24,2025-10-07,2025-10-04 00:00:00
TASK-00169,review access permissions,Task,Customer Portal,SPR-2025-11,Sprint 11,Marketplace,Analytics,Casey Johnson,Avery Lewis,High,Testing,5,8,ux,PROD,2025-05-28,2025-05-31,,2025-05-21,2025-06-03,2025-06-08 00:00:00
TASK-00170,Optimize Database Query,Bug,Backoffice,SPR-2025-10,Sprint 10,CX,Operations,Taylor Brown,Morgan Davis,Medium,In Progress,2,24h,frontend,UAT,2025-05-14,2025-05-14,,2025-05-07,2025-05-20,2025-05-29 00:00:00
TASK-00171,checkout button not responding,Story,Identity Service,SPR-2025-21,Sprint 21,Marketplace,Operations,Chris Lee,Morgan Davis,Low,Done,8 pts,4,"api, Etl, performance",QA,2025-10-10,2025-10-12,2025-10-22,2025-10-08,2025-10-21,2025-10-25 00:00:00
TASK-00172,Create Monitoring Alerts,Task,Backoffice,SPR-2025-08,Sprint 8,CX,Architecture,Alex Smith,Avery Lewis,High,DONE,5,2,"backend, etl",PROD,2025-04-10,2025-04-12,2025-04-16,2025-04-09,2025-04-22,2025-04-21 00:00:00
TASK-00173,Create Monitoring Alerts,Bug,Backoffice,SPR-2025-19,Sprint 19,Marketplace,Analytics,Taylor Brown,Jamie White,High,Done,5,2,Genai,QA,2025-09-20,2025-09-20,2025-09-24,2025-09-10,2025-09-23,2025-09-25 00:00:00
TASK-00174,Improve Search Performance,Technical Debt,Customer Portal,SPR-2025-12,Sprint 12,Data,Architecture,John Doe,Drew Walker,Critical,Done,8,40,Frontend,QA,2025-06-13,2025-06-13,2025-06-19,2025-06-04,2025-06-17,2025-06-14 00:00:00
TASK-00175,Login Error,Technical Debt,Customer Portal,SPR-2025-06,Sprint 6,CX,Engineering,Sam Wilson,Jamie White,High,Done,2,12,mobile,UAT,2025-03-16,2025-03-17,2025-03-27,2025-03-12,2025-03-25,2025-03-30 00:00:00
TASK-00176,IMPROVE SEARCH PERFORMANCE,Technical Debt,Mobile App,SPR-2025-20,Sprint 20,Marketplace,Operations,Jordan Miller,Robin Clark,Critical,In Progress,8 pts,12,"FRONTEND, etl, backend",DEV,2025-10-03,2025-10-03,,2025-09-24,2025-10-07,2025-10-16 00:00:00
TASK-00177,review access permissions,Technical Debt,Mobile App,SPR-2025-08,Sprint 8,CX,Product,Jordan Miller,Jamie White,Medium,Done,2,2,"UX, data, MOBILE",UAT,2025-04-16,2025-04-19,2025-05-01,2025-04-09,2025-04-22,2025-04-29 00:00:00
TASK-00178,Improve Error Handling,Technical Debt,Data Platform,SPR-2025-12,Sprint 12,Marketplace,Operations,Alex Smith,Morgan Davis,High,Done,13,4,"genai, api, security",QA,2025-06-05,2025-06-06,2025-06-11,2025-06-04,2025-06-17,2025-06-19 00:00:00
TASK-00179,Refactor Notification Service,Task,Mobile App,SPR-2025-23,Sprint 23,CX,Product,Jordan Miller,Avery Lewis,Low,In Progress,13 pts,2,"PERFORMANCE, ux",UAT,2025-11-07,2025-11-07,,2025-11-05,2025-11-18,2025-11-08 00:00:00
TASK-00180,Create Monitoring Alerts,Task,Marketplace,SPR-2025-06,Sprint 6,Platform,Operations,Jordan Miller,Drew Walker,Low,Done,8,4,"frontend, security, MOBILE",QA,2025-03-22,2025-03-25,2025-04-05,2025-03-12,2025-03-25,2025-03-22 00:00:00
TASK-00181,Review Access Permissions,Technical Debt,Data Platform,SPR-2025-24,Sprint 24,Platform,Product,Sam Wilson,Drew Walker,High,Done,2,12,"api, ux",UAT,2025-11-20,2025-11-20,2025-11-29,2025-11-19,2025-12-02,2025-12-04 00:00:00
TASK-00182,Data Sync Failure,Spike,Data Platform,SPR-2025-13,Sprint 13,CX,Architecture,John Doe,Robin Clark,Low,Done,3 pts,24,mobile,QA,2025-06-27,2025-06-30,2025-07-08,2025-06-18,2025-07-01,2025-07-06 00:00:00
TASK-00183,Fix User Profile Update,Story,Identity Service,SPR-2025-03,Sprint 3,Data,Analytics,Taylor Brown,Jamie White,Medium,To Do,3,24,genai,QA,2025-02-04,2025-02-06,,2025-01-29,2025-02-11,2025-02-11 00:00:00
TASK-00184,Fix User Profile Update,Story,Backoffice,SPR-2025-20,Sprint 20,Data,Product,Jordan Miller,Avery Lewis,Low,Done,3,12,"data, genai, api",DEV,2025-09-29,2025-09-30,2025-10-02,2025-09-24,2025-10-07,2025-10-10 00:00:00
TASK-00185,Data Sync Failure,Task,Customer Portal,SPR-2025-13,Sprint 13,Core,Operations,Taylor Brown,Avery Lewis,LOW,Done,2,2,"data, api, performance",UAT,2025-06-28,2025-06-29,2025-07-08,2025-06-18,2025-07-01,2025-07-09 00:00:00
TASK-00186,Review Access Permissions,Bug,Customer Portal,SPR-2025-13,Sprint 13,Core,Operations,Alex Smith,Drew Walker,Low,In Progress,2,40,api,UAT,2025-06-22,2025-06-25,,2025-06-18,2025-07-01,2025-07-07 00:00:00
TASK-00187,Implement MFA Authentication,Bug,Marketplace,SPR-2025-10,Sprint 10,Growth,Analytics,Taylor Brown,Drew Walker,Critical,Done,1,8,"etl, performance",QA,2025-05-11,2025-05-11,2025-05-12,2025-05-07,2025-05-20,2025-05-20 00:00:00
TASK-00188,Improve Mobile Responsiveness,Story,Data Platform,SPR-2025-12,Sprint 12,Data,Analytics,Chris Lee,Robin Clark,Critical,Done,2,24,"ux, PERFORMANCE",UAT,2025-06-09,2025-06-12,2025-06-14,2025-06-04,2025-06-17,2025-06-21 00:00:00
TASK-00189,Add Audit Logging,Bug,Mobile App,SPR-2025-09,Sprint 9,Growth,Operations,John Doe,Morgan Davis,Low,Done,2,24,Mobile,PROD,2025-04-30,2025-05-02,2025-05-10,2025-04-23,2025-05-06,2025-05-02 00:00:00
TASK-00190,Improve Mobile Responsiveness,Task,Data Platform,SPR-2025-04,Sprint 4,Core,Operations,Sam Wilson,Drew Walker,Medium,To Do,5,4,FRONTEND,PROD,2025-02-16,2025-02-17,,2025-02-12,2025-02-25,2025-02-20 00:00:00
TASK-00191,Review Access Permissions,Bug,Backoffice,SPR-2025-23,Sprint 23,Data,Analytics,Sam Wilson,Avery Lewis,High,Done,5,40h,"security, ux",DEV,2025-11-13,2025-11-14,2025-11-26,2025-11-05,2025-11-18,2025-11-28 00:00:00
TASK-00192,Fix ETL Pipeline Failure,Technical Debt,Identity Service,SPR-2025-16,Sprint 16,Marketplace,Analytics,Sam Wilson,Drew Walker,High,Done,8,4,"ux, performance, mobile",UAT,2025-08-03,2025-08-03,2025-08-13,2025-07-30,2025-08-12,2025-08-16 00:00:00
TASK-00193,Data Sync Failure,Bug,Customer Portal,SPR-2025-07,Sprint 7,Growth,Engineering,John Doe,Avery Lewis,High,In Progress,5,2,"frontend, Api, backend",QA,2025-03-27,2025-03-28,,2025-03-26,2025-04-08,2025-04-06 00:00:00
TASK-00194,User Session Timeout,Story,Marketplace,SPR-2025-14,Sprint 14,Core,Engineering,John Doe,Jamie White,medium,Blocked,5 pts,12,"Ux, frontend",PROD,2025-07-06,2025-07-09,,2025-07-02,2025-07-15,2025-07-09 00:00:00
TASK-00195,refactor notification service,Story,Mobile App,SPR-2025-17,Sprint 17,Data,Operations,Chris Lee,Morgan Davis,Low,Done,8,8,"mobile, security",QA,2025-08-23,2025-08-24,2025-08-29,2025-08-13,2025-08-26,2025-08-31 00:00:00
TASK-00196,Review Access Permissions,Bug,Mobile App,SPR-2025-19,Sprint 19,Platform,Engineering,Jane Doe,Jamie White,Critical,DONE,2,2,"backend, security",PROD,2025-09-11,2025-09-14,2025-09-15,2025-09-10,2025-09-23,2025-09-18 00:00:00
TASK-00197,Login Error,Spike,Data Platform,SPR-2025-11,Sprint 11,CX,Architecture,Alex Smith,Morgan Davis,High,Done,3,12,"Data, Etl, genai",QA,2025-05-29,2025-05-31,2025-06-04,2025-05-21,2025-06-03,2025-06-12 00:00:00
TASK-00198,Improve Mobile Responsiveness,Story,Backoffice,SPR-2025-10,Sprint 10,Marketplace,Operations,Alex Smith,Drew Walker,Low,Done,3,4,etl,UAT,2025-05-11,2025-05-13,2025-05-22,2025-05-07,2025-05-20,2025-05-21 00:00:00
TASK-00199,FIX API RESPONSE VALIDATION,Spike,Identity Service,SPR-2025-14,Sprint 14,Core,Architecture,Sam Wilson,Morgan Davis,Medium,In Progress,1,12,performance,UAT,2025-07-12,2025-07-14,,2025-07-02,2025-07-15,2025-07-19 00:00:00
TASK-00200,Fix User Profile Update,Bug,Identity Service,SPR-2025-20,Sprint 20,Growth,Analytics,Jane Doe,Jamie White,Low,Blocked,13 pts,16,"security, frontend",DEV,2025-09-25,2025-09-25,,2025-09-24,2025-10-07,2025-09-28 00:00:00
TASK-00201,Fix ETL Pipeline Failure,Spike,Backoffice,SPR-2025-24,Sprint 24,Platform,Engineering,Casey Johnson,Robin Clark,Medium,In Progress,8,2,"security, Genai, Ux",UAT,2025-11-22,2025-11-25,,2025-11-19,2025-12-02,2025-12-02 00:00:00
TASK-00202,Review Access Permissions,Technical Debt,Customer Portal,SPR-2025-12,Sprint 12,Platform,Product,Sam Wilson,Jamie White,Critical,Done,13,12,"frontend, performance",QA,2025-06-10,2025-06-13,2025-06-17,2025-06-04,2025-06-17,2025-06-20 00:00:00
TASK-00203,update documentation,Technical Debt,Mobile App,SPR-2025-01,Sprint 1,CX,Analytics,John Doe,Drew Walker,High,To Do,2,40,"ux, mobile, Backend",PROD,2025-01-05,2025-01-06,,2025-01-01,2025-01-14,2025-01-07 00:00:00
TASK-00204,Fix ETL Pipeline Failure,Story,Mobile App,SPR-2025-02,Sprint 2,Marketplace,Operations,Casey Johnson,Drew Walker,Low,Done,13,8,"etl, api",DEV,2025-01-20,2025-01-22,2025-01-24,2025-01-15,2025-01-28,2025-01-27 00:00:00
TASK-00205,Fix User Profile Update,Story,Backoffice,SPR-2025-14,Sprint 14,CX,Architecture,Taylor Brown,Jamie White,Low,In Progress,3 pts,16,"api, performance, genai",DEV,2025-07-06,2025-07-09,,2025-07-02,2025-07-15,2025-07-14 00:00:00
TASK-00206,Broken Navigation Menu,Story,Customer Portal,SPR-2025-14,Sprint 14,Marketplace,Analytics,Alex Smith,Morgan Davis,High,In Progress,13 pts,8,"performance, genai",DEV,2025-07-07,2025-07-07,,2025-07-02,2025-07-15,2025-07-08 00:00:00
TASK-00207,Refactor Notification Service,Task,Backoffice,SPR-2025-08,Sprint 8,Core,Architecture,Alex Smith,Morgan Davis,Low,Done,5 pts,4,mobile,PROD,2025-04-18,2025-04-19,2025-04-20,2025-04-09,2025-04-22,2025-04-19 00:00:00
TASK-00208,Update API Documentation,Spike,Backoffice,SPR-2025-09,Sprint 9,Marketplace,Product,Chris Lee,Avery Lewis,Critical,Testing,1 pts,24,"security, backend, frontend",DEV,2025-04-25,2025-04-25,,2025-04-23,2025-05-06,2025-04-30 00:00:00
TASK-00209,Fix ETL Pipeline Failure,Technical Debt,Data Platform,SPR-2025-07,Sprint 7,Growth,Analytics,Jordan Miller,Morgan Davis,High,Done,5,2,"security, data",UAT,2025-04-03,2025-04-06,2025-04-07,2025-03-26,2025-04-08,2025-04-10 00:00:00
TASK-00210,Create Monitoring Alerts,Technical Debt,Backoffice,SPR-2025-05,Sprint 5,Marketplace,Engineering,Alex Smith,Robin Clark,Medium,done,8,8,"Genai, etl",QA,2025-03-03,2025-03-06,2025-03-13,2025-02-26,2025-03-11,2025-03-16 00:00:00
TASK-00211,Improve Search Performance,Story,Customer Portal,SPR-2025-05,Sprint 5,Growth,Architecture,Sam Wilson,Drew Walker,Medium,Testing,3,12,"Genai, Data",QA,2025-03-08,2025-03-09,,2025-02-26,2025-03-11,2025-03-15 00:00:00
TASK-00212,Update Documentation,Bug,Marketplace,SPR-2025-08,Sprint 8,Growth,Analytics,Jordan Miller,Jamie White,Critical,Done,3,12,Api,QA,2025-04-19,2025-04-19,2025-04-27,2025-04-09,2025-04-22,2025-04-25 00:00:00
TASK-00213,Data Sync Failure,Bug,Backoffice,SPR-2025-03,Sprint 3,Growth,Operations,Casey Johnson,Morgan Davis,Critical,Done,1,40,"ux, etl",QA,2025-01-31,2025-02-03,2025-02-09,2025-01-29,2025-02-11,2025-02-12 00:00:00
TASK-00214,Implement MFA Authentication,Spike,Identity Service,SPR-2025-24,Sprint 24,Core,Product,Jane Doe,Jamie White,Critical,Done,3,12,etl,QA,2025-11-19,2025-11-22,2025-11-23,2025-11-19,2025-12-02,2025-12-01 00:00:00
TASK-00215,Implement MFA Authentication,Spike,Identity Service,SPR-2025-14,Sprint 14,CX,Architecture,Alex Smith,Avery Lewis,Low,To Do,13,24,"backend, performance, ETL",PROD,2025-07-07,2025-07-10,,2025-07-02,2025-07-15,2025-07-08 00:00:00
TASK-00216,User Session Timeout,Task,Mobile App,SPR-2025-06,Sprint 6,Core,Operations,Casey Johnson,Drew Walker,High,In Progress,5,4,MOBILE,DEV,2025-03-17,2025-03-18,,2025-03-12,2025-03-25,2025-04-01 00:00:00
TASK-00217,UPDATE API DOCUMENTATION,Bug,Customer Portal,SPR-2025-08,Sprint 8,Growth,Architecture,Sam Wilson,Robin Clark,High,Done,8,4h,frontend,DEV,2025-04-12,2025-04-15,2025-04-25,2025-04-09,2025-04-22,2025-04-13 00:00:00
TASK-00218,Update API Documentation,Spike,Backoffice,SPR-2025-04,Sprint 4,Growth,Analytics,Casey Johnson,Jamie White,Medium,In Progress,13,2h,"security, performance",DEV,2025-02-18,2025-02-19,,2025-02-12,2025-02-25,2025-02-26 00:00:00
TASK-00219,user session timeout,Technical Debt,Data Platform,SPR-2025-11,Sprint 11,Data,Architecture,Casey Johnson,Drew Walker,Low,Done,13,40,"ux, security",PROD,2025-05-29,2025-06-01,2025-06-11,2025-05-21,2025-06-03,2025-06-13 00:00:00
TASK-00220,IMPROVE SEARCH PERFORMANCE,Story,Identity Service,SPR-2025-06,Sprint 6,Platform,Analytics,Jane Doe,Robin Clark,Low,Done,2,12,"security, etl",UAT,2025-03-21,2025-03-22,2025-03-23,2025-03-12,2025-03-25,2025-03-31 00:00:00
TASK-00221,Update API Documentation,Spike,Backoffice,SPR-2025-01,Sprint 1,Platform,Operations,Jordan Miller,Morgan Davis,Medium,Testing,3,12,api,UAT,2025-01-02,2025-01-04,,2025-01-01,2025-01-14,2025-01-12 00:00:00
TASK-00222,BROKEN NAVIGATION MENU,Story,Backoffice,SPR-2025-18,Sprint 18,Growth,Analytics,Chris Lee,Morgan Davis,Medium,In Progress,1,12,performance,UAT,2025-09-04,2025-09-04,,2025-08-27,2025-09-09,2025-09-17 00:00:00
TASK-00223,Implement MFA Authentication,Story,Customer Portal,SPR-2025-03,Sprint 3,Platform,Operations,Sam Wilson,Robin Clark,Medium,Done,1,2,genai,QA,2025-02-05,2025-02-06,2025-02-11,2025-01-29,2025-02-11,2025-02-08 00:00:00
TASK-00224,Improve Mobile Responsiveness,Task,Mobile App,SPR-2025-17,Sprint 17,CX,Analytics,Taylor Brown,Robin Clark,LOW,IN PROGRESS,1,16,"Genai, frontend",QA,2025-08-23,2025-08-24,,2025-08-13,2025-08-26,2025-08-29 00:00:00
TASK-00225,update documentation,Task,Backoffice,SPR-2025-10,Sprint 10,Data,Engineering,Jane Doe,Robin Clark,LOW,Done,8,2,"etl, security",UAT,2025-05-11,2025-05-13,2025-05-18,2025-05-07,2025-05-20,2025-05-25 00:00:00
TASK-00226,IMPROVE MOBILE RESPONSIVENESS,Technical Debt,Mobile App,SPR-2025-02,Sprint 2,Core,Architecture,Alex Smith,Morgan Davis,Critical,Done,13,16,"genai, Security, data",PROD,2025-01-17,2025-01-17,2025-01-19,2025-01-15,2025-01-28,2025-01-20 00:00:00
TASK-00227,Update API Documentation,Task,Marketplace,SPR-2025-15,Sprint 15,Core,Engineering,Sam Wilson,Robin Clark,High,Done,13,8,"GENAI, performance",QA,2025-07-20,2025-07-23,2025-07-26,2025-07-16,2025-07-29,2025-07-23 00:00:00
TASK-00228,Improve Error Handling,Task,Backoffice,SPR-2025-13,Sprint 13,Marketplace,Engineering,Alex Smith,Morgan Davis,Critical,done,2,12,"mobile, ux",PROD,2025-06-19,2025-06-21,2025-06-26,2025-06-18,2025-07-01,2025-06-22 00:00:00
TASK-00229,Data Sync Failure,Story,Customer Portal,SPR-2025-19,Sprint 19,CX,Product,Alex Smith,Jamie White,critical,testing,1,16,"security, GENAI",PROD,2025-09-19,2025-09-22,,2025-09-10,2025-09-23,2025-09-28 00:00:00
TASK-00230,Refactor Notification Service,Technical Debt,Mobile App,SPR-2025-13,Sprint 13,Growth,Architecture,Chris Lee,Morgan Davis,High,In Progress,5,8,"frontend, etl, UX",UAT,2025-06-27,2025-06-30,,2025-06-18,2025-07-01,2025-06-27 00:00:00
TASK-00231,Improve Mobile Responsiveness,Story,Customer Portal,SPR-2025-08,Sprint 8,Growth,Product,John Doe,Jamie White,Medium,Done,5,16,"ux, api",PROD,2025-04-15,2025-04-18,2025-04-25,2025-04-09,2025-04-22,2025-04-28 00:00:00
TASK-00232,Update API Documentation,Bug,Backoffice,SPR-2025-05,Sprint 5,Core,Engineering,Sam Wilson,Avery Lewis,Medium,Done,5,12,api,UAT,2025-02-27,2025-02-28,2025-03-08,2025-02-26,2025-03-11,2025-02-28 00:00:00
TASK-00233,fix api response validation,Bug,Data Platform,SPR-2025-02,Sprint 2,CX,Product,Casey Johnson,Avery Lewis,High,Done,1,16h,"backend, etl",PROD,2025-01-24,2025-01-27,2025-02-04,2025-01-15,2025-01-28,2025-02-03 00:00:00
TASK-00234,Update API Documentation,Technical Debt,Mobile App,SPR-2025-14,Sprint 14,Platform,Analytics,Alex Smith,Drew Walker,high,TESTING,5,16h,"performance, FRONTEND",UAT,2025-07-07,2025-07-09,,2025-07-02,2025-07-15,2025-07-15 00:00:00
TASK-00235,Update Documentation,Spike,Marketplace,SPR-2025-09,Sprint 9,Core,Engineering,Casey Johnson,Jamie White,High,Done,3,4,"frontend, security, backend",QA,2025-04-23,2025-04-23,2025-05-05,2025-04-23,2025-05-06,2025-05-04 00:00:00
TASK-00236,Data Sync Failure,Task,Marketplace,SPR-2025-02,Sprint 2,Core,Analytics,John Doe,Morgan Davis,High,Done,8,24,"data, api",UAT,2025-01-25,2025-01-27,2025-01-30,2025-01-15,2025-01-28,2025-02-07 00:00:00
TASK-00237,Improve Search Performance,Story,Data Platform,SPR-2025-20,Sprint 20,CX,Product,John Doe,Morgan Davis,Critical,Testing,13,24,etl,DEV,2025-10-04,2025-10-06,,2025-09-24,2025-10-07,2025-10-17 00:00:00
TASK-00238,Checkout Button Not Responding,Bug,Mobile App,SPR-2025-04,Sprint 4,CX,Engineering,Jordan Miller,Drew Walker,LOW,Done,1 pts,16,performance,QA,2025-02-20,2025-02-20,2025-03-04,2025-02-12,2025-02-25,2025-02-23 00:00:00
TASK-00239,Fix API Response Validation,Spike,Data Platform,SPR-2025-23,Sprint 23,Growth,Analytics,Sam Wilson,Jamie White,High,Testing,13,40,"api, BACKEND",PROD,2025-11-07,2025-11-09,,2025-11-05,2025-11-18,2025-11-09 00:00:00
TASK-00240,Update Documentation,Technical Debt,Identity Service,SPR-2025-16,Sprint 16,Platform,Operations,John Doe,Avery Lewis,Critical,In Progress,13,12,FRONTEND,QA,2025-08-02,2025-08-05,,2025-07-30,2025-08-12,2025-08-02 00:00:00
TASK-00241,Improve Mobile Responsiveness,Spike,Identity Service,SPR-2025-02,Sprint 2,Core,Product,Chris Lee,Robin Clark,Critical,Testing,5,40,etl,UAT,2025-01-25,2025-01-28,,2025-01-15,2025-01-28,2025-02-06 00:00:00
TASK-00242,Fix API Response Validation,Bug,Identity Service,SPR-2025-02,Sprint 2,Core,Engineering,Alex Smith,Morgan Davis,High,Done,2,12,"ux, backend",QA,2025-01-25,2025-01-25,2025-01-31,2025-01-15,2025-01-28,2025-01-25 00:00:00
TASK-00243,Checkout Button Not Responding,Technical Debt,Customer Portal,SPR-2025-24,Sprint 24,Marketplace,Architecture,Taylor Brown,Morgan Davis,Critical,done,1 pts,2,"frontend, ux, backend",DEV,2025-11-28,2025-11-29,2025-12-08,2025-11-19,2025-12-02,2025-12-02 00:00:00
TASK-00244,Fix ETL Pipeline Failure,Technical Debt,Mobile App,SPR-2025-16,Sprint 16,Growth,Product,Casey Johnson,Drew Walker,MEDIUM,Done,13 pts,8,genai,QA,2025-08-09,2025-08-09,2025-08-10,2025-07-30,2025-08-12,2025-08-11 00:00:00
TASK-00245,Improve Mobile Responsiveness,Spike,Customer Portal,SPR-2025-07,Sprint 7,Marketplace,Analytics,Alex Smith,Avery Lewis,Medium,Done,2,16,backend,QA,2025-04-01,2025-04-03,2025-04-14,2025-03-26,2025-04-08,2025-04-02 00:00:00
TASK-00246,FIX API RESPONSE VALIDATION,Spike,Marketplace,SPR-2025-05,Sprint 5,Data,Engineering,John Doe,Drew Walker,Medium,DONE,13,8,"Api, mobile",QA,2025-02-27,2025-03-02,2025-03-10,2025-02-26,2025-03-11,2025-03-14 00:00:00
TASK-00247,Fix ETL Pipeline Failure,Spike,Marketplace,SPR-2025-20,Sprint 20,Data,Engineering,John Doe,Morgan Davis,Low,TESTING,8,12,"Mobile, data, frontend",UAT,2025-09-25,2025-09-27,,2025-09-24,2025-10-07,2025-10-04 00:00:00
TASK-00248,DATA SYNC FAILURE,Spike,Backoffice,SPR-2025-07,Sprint 7,CX,Analytics,Jordan Miller,Jamie White,Low,Testing,2,2,backend,UAT,2025-04-01,2025-04-03,,2025-03-26,2025-04-08,2025-04-08 00:00:00
TASK-00249,Implement MFA Authentication,Task,Data Platform,SPR-2025-04,Sprint 4,Data,Analytics,Alex Smith,Morgan Davis,medium,To Do,8,12,"genai, api, Ux",DEV,2025-02-17,2025-02-18,,2025-02-12,2025-02-25,2025-02-25 00:00:00
TASK-00250,Fix ETL Pipeline Failure,Technical Debt,Marketplace,SPR-2025-05,Sprint 5,Core,Analytics,John Doe,Avery Lewis,Medium,Done,13,4,"mobile, backend, ux",QA,2025-02-27,2025-03-02,2025-03-08,2025-02-26,2025-03-11,2025-03-06 00:00:00
TASK-00251,Review Access Permissions,Spike,Identity Service,SPR-2025-11,Sprint 11,Growth,Operations,Casey Johnson,Jamie White,Critical,Done,1,24,ux,DEV,2025-05-27,2025-05-28,2025-05-31,2025-05-21,2025-06-03,2025-05-27 00:00:00
TASK-00252,FIX API RESPONSE VALIDATION,Task,Identity Service,SPR-2025-23,Sprint 23,Core,Product,Jane Doe,Avery Lewis,High,In Progress,5,24,"genai, api",UAT,2025-11-11,2025-11-12,,2025-11-05,2025-11-18,2025-11-12 00:00:00
TASK-00253,Implement MFA Authentication,Task,Customer Portal,SPR-2025-10,Sprint 10,Marketplace,Architecture,Jane Doe,Drew Walker,Low,Done,3,2,"security, frontend, BACKEND",QA,2025-05-13,2025-05-15,2025-05-25,2025-05-07,2025-05-20,2025-05-17 00:00:00
TASK-00254,Implement MFA Authentication,Spike,Backoffice,SPR-2025-11,Sprint 11,CX,Product,Casey Johnson,Drew Walker,Medium,Done,3,12,security,UAT,2025-05-24,2025-05-24,2025-06-03,2025-05-21,2025-06-03,2025-06-07 00:00:00
TASK-00255,fix api response validation,Story,Backoffice,SPR-2025-20,Sprint 20,Marketplace,Product,Sam Wilson,Avery Lewis,Medium,In Progress,1,8,Genai,QA,2025-09-29,2025-09-29,,2025-09-24,2025-10-07,2025-10-14 00:00:00
TASK-00256,FIX API RESPONSE VALIDATION,Task,Customer Portal,SPR-2025-12,Sprint 12,Platform,Engineering,Casey Johnson,Robin Clark,Medium,DONE,8,12,"security, genai, etl",UAT,2025-06-10,2025-06-13,2025-06-17,2025-06-04,2025-06-17,2025-06-11 00:00:00
TASK-00257,Improve Error Handling,Task,Backoffice,SPR-2025-05,Sprint 5,Data,Operations,Sam Wilson,Robin Clark,Medium,Done,13,40,BACKEND,QA,2025-03-03,2025-03-05,2025-03-08,2025-02-26,2025-03-11,2025-03-09 00:00:00
TASK-00258,Data Sync Failure,Story,Mobile App,SPR-2025-18,Sprint 18,Marketplace,Architecture,Chris Lee,Robin Clark,Medium,Blocked,1,12,genai,PROD,2025-08-27,2025-08-29,,2025-08-27,2025-09-09,2025-09-05 00:00:00
TASK-00259,Refactor Notification Service,Bug,Backoffice,SPR-2025-19,Sprint 19,Marketplace,Engineering,Taylor Brown,Robin Clark,Critical,Done,2,2,"performance, MOBILE",QA,2025-09-20,2025-09-21,2025-09-29,2025-09-10,2025-09-23,2025-09-20 00:00:00
TASK-00260,Improve Mobile Responsiveness,Task,Mobile App,SPR-2025-03,Sprint 3,Platform,Analytics,Chris Lee,Robin Clark,High,Done,8,24,ux,PROD,2025-02-06,2025-02-09,2025-02-18,2025-01-29,2025-02-11,2025-02-08 00:00:00
TASK-00261,Add Audit Logging,Spike,Mobile App,SPR-2025-07,Sprint 7,Growth,Operations,Sam Wilson,Avery Lewis,Critical,Done,8,4,"ETL, security",QA,2025-04-02,2025-04-05,2025-04-17,2025-03-26,2025-04-08,2025-04-16 00:00:00
TASK-00262,Checkout Button Not Responding,Spike,Mobile App,SPR-2025-23,Sprint 23,Marketplace,Analytics,Jordan Miller,Jamie White,Low,In Progress,3,8,"genai, Mobile, frontend",PROD,2025-11-14,2025-11-15,,2025-11-05,2025-11-18,2025-11-21 00:00:00
TASK-00263,Broken Navigation Menu,Bug,Customer Portal,SPR-2025-01,Sprint 1,Platform,Operations,Alex Smith,Robin Clark,Critical,Done,13,24,"etl, Frontend",QA,2025-01-02,2025-01-04,2025-01-14,2025-01-01,2025-01-14,2025-01-03 00:00:00
TASK-00264,Checkout Button Not Responding,Task,Identity Service,SPR-2025-09,Sprint 9,Platform,Analytics,Chris Lee,Morgan Davis,Low,Done,13,2,etl,UAT,2025-04-28,2025-05-01,2025-05-02,2025-04-23,2025-05-06,2025-05-02 00:00:00
TASK-00265,create usage dashboard,Story,Mobile App,SPR-2025-01,Sprint 1,Core,Analytics,Sam Wilson,Robin Clark,Medium,Done,2,16,"etl, performance, Backend",QA,2025-01-03,2025-01-05,2025-01-11,2025-01-01,2025-01-14,2025-01-17 00:00:00
TASK-00266,Improve Search Performance,Spike,Mobile App,SPR-2025-20,Sprint 20,Data,Product,John Doe,Drew Walker,Medium,In Progress,3,4,"BACKEND, performance",DEV,2025-10-02,2025-10-04,,2025-09-24,2025-10-07,2025-10-17 00:00:00
TASK-00267,Improve Search Performance,Task,Data Platform,SPR-2025-04,Sprint 4,Data,Architecture,Taylor Brown,Drew Walker,Medium,To Do,2,8h,data,DEV,2025-02-16,2025-02-16,,2025-02-12,2025-02-25,2025-02-19 00:00:00
TASK-00268,IMPROVE ERROR HANDLING,Story,Backoffice,SPR-2025-19,Sprint 19,Data,Operations,Jane Doe,Robin Clark,Low,Done,8,12,"Api, genai, backend",DEV,2025-09-10,2025-09-11,2025-09-14,2025-09-10,2025-09-23,2025-09-24 00:00:00
TASK-00269,Improve Error Handling,Spike,Customer Portal,SPR-2025-04,Sprint 4,Growth,Operations,Chris Lee,Jamie White,Low,Done,1,12,"genai, mobile",DEV,2025-02-20,2025-02-21,2025-02-26,2025-02-12,2025-02-25,2025-03-07 00:00:00
TASK-00270,improve search performance,Spike,Mobile App,SPR-2025-22,Sprint 22,Data,Operations,Casey Johnson,Robin Clark,Critical,Done,1,4h,security,UAT,2025-10-23,2025-10-26,2025-10-28,2025-10-22,2025-11-04,2025-11-04 00:00:00
TASK-00271,Update Documentation,Bug,Marketplace,SPR-2025-12,Sprint 12,Marketplace,Product,Alex Smith,Avery Lewis,Low,Blocked,5,24,backend,UAT,2025-06-11,2025-06-14,,2025-06-04,2025-06-17,2025-06-15 00:00:00
TASK-00272,Fix User Profile Update,Spike,Data Platform,SPR-2025-10,Sprint 10,Core,Operations,Casey Johnson,Morgan Davis,Medium,Done,5,8,"etl, frontend, Performance",DEV,2025-05-16,2025-05-16,2025-05-25,2025-05-07,2025-05-20,2025-05-21 00:00:00
TASK-00273,Update Documentation,Task,Marketplace,SPR-2025-18,Sprint 18,CX,Operations,Chris Lee,Robin Clark,Critical,Done,1,12,"etl, Genai, PERFORMANCE",UAT,2025-09-06,2025-09-08,2025-09-15,2025-08-27,2025-09-09,2025-09-07 00:00:00
TASK-00274,REVIEW ACCESS PERMISSIONS,Task,Backoffice,SPR-2025-01,Sprint 1,Growth,Product,Sam Wilson,Morgan Davis,High,In Progress,5,8,mobile,UAT,2025-01-10,2025-01-10,,2025-01-01,2025-01-14,2025-01-15 00:00:00
TASK-00275,Add Audit Logging,Spike,Mobile App,SPR-2025-01,Sprint 1,Marketplace,Engineering,Chris Lee,Avery Lewis,Critical,To Do,13,2,"performance, UX",UAT,2025-01-09,2025-01-11,,2025-01-01,2025-01-14,2025-01-14 00:00:00
TASK-00276,Fix API Response Validation,Bug,Identity Service,SPR-2025-20,Sprint 20,CX,Product,Chris Lee,Robin Clark,Medium,Blocked,1,16,performance,DEV,2025-09-28,2025-09-30,,2025-09-24,2025-10-07,2025-10-13 00:00:00
TASK-00277,Create Monitoring Alerts,Story,Backoffice,SPR-2025-14,Sprint 14,Core,Engineering,Casey Johnson,Robin Clark,Critical,Done,3,12,"genai, etl, api",PROD,2025-07-05,2025-07-07,2025-07-12,2025-07-02,2025-07-15,2025-07-06 00:00:00
TASK-00278,Checkout Button Not Responding,Story,Mobile App,SPR-2025-17,Sprint 17,Data,Engineering,John Doe,Jamie White,Critical,Done,1,40,"api, data",UAT,2025-08-16,2025-08-18,2025-08-30,2025-08-13,2025-08-26,2025-08-30 00:00:00
TASK-00279,Create Usage Dashboard,Bug,Mobile App,SPR-2025-16,Sprint 16,Platform,Architecture,Sam Wilson,Morgan Davis,Low,Done,3,4,genai,PROD,2025-08-07,2025-08-10,2025-08-14,2025-07-30,2025-08-12,2025-08-18 00:00:00
TASK-00280,fix etl pipeline failure,Task,Data Platform,SPR-2025-22,Sprint 22,CX,Operations,Taylor Brown,Avery Lewis,Low,Done,8,16,mobile,QA,2025-11-01,2025-11-01,2025-11-04,2025-10-22,2025-11-04,2025-11-05 00:00:00
TASK-00281,Optimize Database Query,Story,Data Platform,SPR-2025-04,Sprint 4,Core,Analytics,Sam Wilson,Morgan Davis,Low,Blocked,3,2,"genai, mobile",DEV,2025-02-14,2025-02-15,,2025-02-12,2025-02-25,2025-02-15 00:00:00
TASK-00282,Broken Navigation Menu,Story,Data Platform,SPR-2025-23,Sprint 23,Data,Engineering,Casey Johnson,Robin Clark,Low,Testing,2,12h,"DATA, performance",PROD,2025-11-15,2025-11-16,,2025-11-05,2025-11-18,2025-11-16 00:00:00
TASK-00283,Add Audit Logging,Story,Identity Service,SPR-2025-09,Sprint 9,Core,Engineering,John Doe,Avery Lewis,Low,Done,13,2,"etl, security, genai",QA,2025-04-24,2025-04-27,2025-05-03,2025-04-23,2025-05-06,2025-05-03 00:00:00
TASK-00284,Update Documentation,Spike,Data Platform,SPR-2025-11,Sprint 11,Data,Operations,Jordan Miller,Drew Walker,Critical,In Progress,3,40,"api, Security",QA,2025-05-30,2025-05-30,,2025-05-21,2025-06-03,2025-05-30 00:00:00
TASK-00285,Implement MFA Authentication,Spike,Identity Service,SPR-2025-01,Sprint 1,Core,Product,Taylor Brown,Jamie White,MEDIUM,Blocked,8,8,"API, backend",QA,2025-01-09,2025-01-10,,2025-01-01,2025-01-14,2025-01-17 00:00:00
TASK-00286,Update API Documentation,Story,Backoffice,SPR-2025-10,Sprint 10,Core,Engineering,Chris Lee,Drew Walker,High,In Progress,2,12,data,PROD,2025-05-14,2025-05-17,,2025-05-07,2025-05-20,2025-05-16 00:00:00
TASK-00287,Implement MFA Authentication,Technical Debt,Identity Service,SPR-2025-01,Sprint 1,Marketplace,Product,John Doe,Robin Clark,Critical,Done,3 pts,16h,"mobile, genai",PROD,2025-01-08,2025-01-09,2025-01-16,2025-01-01,2025-01-14,2025-01-17 00:00:00
TASK-00288,User Session Timeout,Bug,Customer Portal,SPR-2025-13,Sprint 13,Core,Analytics,Chris Lee,Avery Lewis,High,In Progress,5,12,"Etl, Ux",UAT,2025-06-28,2025-06-30,,2025-06-18,2025-07-01,2025-07-06 00:00:00
TASK-00289,Fix User Profile Update,Bug,Marketplace,SPR-2025-20,Sprint 20,Platform,Engineering,Casey Johnson,Avery Lewis,Medium,Done,13,12h,frontend,DEV,2025-09-28,2025-09-30,2025-10-12,2025-09-24,2025-10-07,2025-10-13 00:00:00
TASK-00290,Data Sync Failure,Technical Debt,Identity Service,SPR-2025-02,Sprint 2,CX,Engineering,John Doe,Drew Walker,Medium,Blocked,1,8,etl,QA,2025-01-22,2025-01-24,,2025-01-15,2025-01-28,2025-02-04 00:00:00
TASK-00291,Checkout Button Not Responding,Spike,Marketplace,SPR-2025-03,Sprint 3,Marketplace,Analytics,John Doe,Robin Clark,Low,Done,8,2,FRONTEND,DEV,2025-02-01,2025-02-04,2025-02-05,2025-01-29,2025-02-11,2025-02-15 00:00:00
TASK-00292,Checkout Button Not Responding,Bug,Mobile App,SPR-2025-11,Sprint 11,Data,Engineering,Jordan Miller,Avery Lewis,Low,IN PROGRESS,8,12h,"api, mobile",UAT,2025-05-30,2025-05-31,,2025-05-21,2025-06-03,2025-06-03 00:00:00
TASK-00293,update api documentation,Task,Backoffice,SPR-2025-04,Sprint 4,Data,Operations,Jordan Miller,Morgan Davis,Low,Done,8,12,"DATA, ux",DEV,2025-02-16,2025-02-19,2025-02-24,2025-02-12,2025-02-25,2025-02-26 00:00:00
TASK-00294,Create Monitoring Alerts,Task,Customer Portal,SPR-2025-15,Sprint 15,CX,Operations,Sam Wilson,Drew Walker,Low,Done,5 pts,40,api,DEV,2025-07-26,2025-07-27,2025-08-04,2025-07-16,2025-07-29,2025-07-28 00:00:00
TASK-00295,Review Access Permissions,Task,Data Platform,SPR-2025-02,Sprint 2,CX,Operations,Casey Johnson,Drew Walker,High,Done,1,2,"genai, API, etl",UAT,2025-01-23,2025-01-23,2025-01-31,2025-01-15,2025-01-28,2025-02-02 00:00:00
TASK-00296,Optimize Database Query,Spike,Data Platform,SPR-2025-06,Sprint 6,CX,Architecture,Chris Lee,Avery Lewis,Low,To Do,1 pts,2h,"genai, performance, ux",UAT,2025-03-15,2025-03-16,,2025-03-12,2025-03-25,2025-03-17 00:00:00
TASK-00297,Implement MFA Authentication,Bug,Customer Portal,SPR-2025-05,Sprint 5,Data,Operations,Casey Johnson,Avery Lewis,Medium,In Progress,2,12,"mobile, Backend, data",DEV,2025-02-28,2025-02-28,,2025-02-26,2025-03-11,2025-03-14 00:00:00
TASK-00298,IMPROVE MOBILE RESPONSIVENESS,Technical Debt,Identity Service,SPR-2025-19,Sprint 19,Core,Engineering,John Doe,Drew Walker,Low,Testing,13,12,"PERFORMANCE, etl, data",DEV,2025-09-13,2025-09-14,,2025-09-10,2025-09-23,2025-09-26 00:00:00
TASK-00299,fix user profile update,Task,Backoffice,SPR-2025-19,Sprint 19,Marketplace,Operations,Alex Smith,Robin Clark,High,Testing,5 pts,8,"security, genai",PROD,2025-09-15,2025-09-15,,2025-09-10,2025-09-23,2025-09-28 00:00:00
TASK-00300,Update API Documentation,Spike,Data Platform,SPR-2025-22,Sprint 22,Data,Engineering,John Doe,Morgan Davis,Low,Done,2,4,ux,UAT,2025-11-01,2025-11-03,2025-11-06,2025-10-22,2025-11-04,2025-11-09 00:00:00
TASK-00301,CREATE MONITORING ALERTS,Technical Debt,Data Platform,SPR-2025-12,Sprint 12,Data,Architecture,Jane Doe,Morgan Davis,Low,In Progress,1,2,"data, security",PROD,2025-06-14,2025-06-15,,2025-06-04,2025-06-17,2025-06-28 00:00:00
TASK-00302,Create Usage Dashboard,Story,Marketplace,SPR-2025-04,Sprint 4,Core,Product,Taylor Brown,Avery Lewis,Medium,DONE,2,24,"genai, backend, Api",UAT,2025-02-13,2025-02-13,2025-02-15,2025-02-12,2025-02-25,2025-02-22 00:00:00
TASK-00303,Add Audit Logging,Technical Debt,Identity Service,SPR-2025-17,Sprint 17,Platform,Product,Casey Johnson,Jamie White,Medium,Testing,8,4,"ux, performance",DEV,2025-08-15,2025-08-15,,2025-08-13,2025-08-26,2025-08-17 00:00:00
TASK-00304,User Session Timeout,Task,Identity Service,SPR-2025-03,Sprint 3,Marketplace,Analytics,Chris Lee,Morgan Davis,Low,Done,13,16h,"etl, data, ux",UAT,2025-02-03,2025-02-05,2025-02-12,2025-01-29,2025-02-11,2025-02-07 00:00:00
TASK-00305,Update API Documentation,Spike,Identity Service,SPR-2025-23,Sprint 23,Marketplace,Engineering,Sam Wilson,Jamie White,High,Done,13,4,frontend,DEV,2025-11-11,2025-11-14,2025-11-24,2025-11-05,2025-11-18,2025-11-20 00:00:00
TASK-00306,Improve Error Handling,Technical Debt,Data Platform,SPR-2025-17,Sprint 17,Growth,Product,Jane Doe,Avery Lewis,Medium,To Do,3,16,security,UAT,2025-08-18,2025-08-19,,2025-08-13,2025-08-26,2025-08-18 00:00:00
TASK-00307,Improve Error Handling,Task,Marketplace,SPR-2025-15,Sprint 15,Growth,Engineering,Jordan Miller,Avery Lewis,Medium,Done,3,40,"Api, ux, Mobile",DEV,2025-07-21,2025-07-22,2025-08-01,2025-07-16,2025-07-29,2025-07-23 00:00:00
TASK-00308,Create Monitoring Alerts,Story,Identity Service,SPR-2025-02,Sprint 2,CX,Architecture,Jane Doe,Jamie White,Critical,Done,8,12,"Genai, Ux, api",PROD,2025-01-21,2025-01-22,2025-01-28,2025-01-15,2025-01-28,2025-02-05 00:00:00
TASK-00309,add audit logging,Story,Backoffice,SPR-2025-02,Sprint 2,Core,Product,Sam Wilson,Robin Clark,High,Blocked,1,2,"data, performance",QA,2025-01-17,2025-01-19,,2025-01-15,2025-01-28,2025-01-22 00:00:00
TASK-00310,User Session Timeout,Task,Mobile App,SPR-2025-24,Sprint 24,CX,Architecture,Jordan Miller,Avery Lewis,High,In Progress,3,12,"api, performance, Genai",QA,2025-11-26,2025-11-26,,2025-11-19,2025-12-02,2025-12-08 00:00:00
TASK-00311,Optimize Database Query,Bug,Backoffice,SPR-2025-11,Sprint 11,CX,Engineering,Casey Johnson,Drew Walker,Medium,Blocked,8,40,"Backend, etl, performance",DEV,2025-05-29,2025-05-29,,2025-05-21,2025-06-03,2025-06-01 00:00:00
TASK-00312,Implement MFA Authentication,Technical Debt,Data Platform,SPR-2025-22,Sprint 22,Core,Analytics,Jane Doe,Morgan Davis,critical,Blocked,8,12,"frontend, security",DEV,2025-10-30,2025-10-31,,2025-10-22,2025-11-04,2025-11-04 00:00:00
TASK-00313,Checkout Button Not Responding,Task,Marketplace,SPR-2025-10,Sprint 10,Growth,Product,Taylor Brown,Jamie White,medium,testing,3,24h,"Backend, security",QA,2025-05-09,2025-05-10,,2025-05-07,2025-05-20,2025-05-24 00:00:00
TASK-00314,Refactor Notification Service,Technical Debt,Identity Service,SPR-2025-17,Sprint 17,Growth,Engineering,Alex Smith,Robin Clark,critical,Blocked,1,4,data,PROD,2025-08-21,2025-08-24,,2025-08-13,2025-08-26,2025-09-04 00:00:00
TASK-00315,Create Usage Dashboard,Task,Identity Service,SPR-2025-03,Sprint 3,Core,Analytics,Taylor Brown,Drew Walker,Critical,Done,8,2,"DATA, api, frontend",UAT,2025-02-08,2025-02-09,2025-02-18,2025-01-29,2025-02-11,2025-02-09 00:00:00
TASK-00316,Improve Search Performance,Story,Marketplace,SPR-2025-06,Sprint 6,CX,Analytics,John Doe,Jamie White,High,Testing,2,40,"security, data, genai",DEV,2025-03-20,2025-03-20,,2025-03-12,2025-03-25,2025-04-04 00:00:00
TASK-00317,Fix User Profile Update,Spike,Customer Portal,SPR-2025-01,Sprint 1,Marketplace,Product,Jane Doe,Avery Lewis,Low,Done,13,16h,"genai, backend, security",UAT,2025-01-01,2025-01-02,2025-01-14,2025-01-01,2025-01-14,2025-01-07 00:00:00
TASK-00318,Broken Navigation Menu,Technical Debt,Customer Portal,SPR-2025-15,Sprint 15,Growth,Engineering,Jordan Miller,Morgan Davis,High,Done,2,12,data,UAT,2025-07-16,2025-07-17,2025-07-28,2025-07-16,2025-07-29,2025-07-31 00:00:00
TASK-00319,Update API Documentation,Task,Customer Portal,SPR-2025-06,Sprint 6,Marketplace,Product,Sam Wilson,Drew Walker,Low,Done,13 pts,8,etl,PROD,2025-03-20,2025-03-21,2025-04-01,2025-03-12,2025-03-25,2025-03-20 00:00:00
TASK-00320,optimize database query,Story,Data Platform,SPR-2025-14,Sprint 14,Growth,Architecture,John Doe,Jamie White,Critical,Done,8,24,"ux, ETL",PROD,2025-07-12,2025-07-12,2025-07-19,2025-07-02,2025-07-15,2025-07-14 00:00:00
TASK-00321,IMPROVE SEARCH PERFORMANCE,Task,Mobile App,SPR-2025-08,Sprint 8,Platform,Architecture,Taylor Brown,Morgan Davis,Critical,testing,8,8,backend,PROD,2025-04-12,2025-04-13,,2025-04-09,2025-04-22,2025-04-15 00:00:00
TASK-00322,User Session Timeout,Spike,Marketplace,SPR-2025-21,Sprint 21,Growth,Architecture,Jordan Miller,Jamie White,Low,to do,1,12h,"ux, backend, etl",DEV,2025-10-15,2025-10-15,,2025-10-08,2025-10-21,2025-10-29 00:00:00
TASK-00323,Login Error,Story,Customer Portal,SPR-2025-13,Sprint 13,Data,Product,John Doe,Jamie White,High,Done,1,16,"mobile, api, data",UAT,2025-06-25,2025-06-28,2025-07-04,2025-06-18,2025-07-01,2025-07-08 00:00:00
TASK-00324,update documentation,Spike,Data Platform,SPR-2025-17,Sprint 17,Data,Engineering,Taylor Brown,Morgan Davis,High,Testing,3,2,"api, frontend, mobile",UAT,2025-08-23,2025-08-25,,2025-08-13,2025-08-26,2025-08-29 00:00:00
TASK-00325,Review Access Permissions,Spike,Backoffice,SPR-2025-22,Sprint 22,Data,Engineering,Casey Johnson,Robin Clark,High,Done,2,40,"mobile, frontend",PROD,2025-10-29,2025-11-01,2025-11-11,2025-10-22,2025-11-04,2025-11-04 00:00:00
TASK-00326,improve error handling,Story,Customer Portal,SPR-2025-13,Sprint 13,Platform,Engineering,Chris Lee,Drew Walker,High,done,13,40,Mobile,QA,2025-06-20,2025-06-20,2025-06-21,2025-06-18,2025-07-01,2025-06-25 00:00:00
TASK-00327,Update Documentation,Spike,Identity Service,SPR-2025-07,Sprint 7,Growth,Product,Alex Smith,Jamie White,Low,Done,2,4,"api, etl",QA,2025-03-26,2025-03-27,2025-03-28,2025-03-26,2025-04-08,2025-04-01 00:00:00
TASK-00328,Fix ETL Pipeline Failure,Technical Debt,Mobile App,SPR-2025-18,Sprint 18,Data,Architecture,Jordan Miller,Drew Walker,Medium,Testing,3,8,"data, API, genai",UAT,2025-09-02,2025-09-04,,2025-08-27,2025-09-09,2025-09-17 00:00:00
TASK-00329,Fix User Profile Update,Story,Marketplace,SPR-2025-17,Sprint 17,Data,Operations,Taylor Brown,Robin Clark,Critical,Testing,8,40,mobile,PROD,2025-08-20,2025-08-21,,2025-08-13,2025-08-26,2025-09-01 00:00:00
TASK-00330,Fix API Response Validation,Task,Data Platform,SPR-2025-19,Sprint 19,Core,Product,Alex Smith,Avery Lewis,High,testing,1,16,"genai, ux",QA,2025-09-12,2025-09-14,,2025-09-10,2025-09-23,2025-09-20 00:00:00
TASK-00331,Create Monitoring Alerts,Task,Customer Portal,SPR-2025-21,Sprint 21,Marketplace,Architecture,Alex Smith,Drew Walker,Low,Blocked,2 pts,2,"mobile, security, performance",UAT,2025-10-09,2025-10-11,,2025-10-08,2025-10-21,2025-10-09 00:00:00
TASK-00332,Review Access Permissions,Story,Marketplace,SPR-2025-10,Sprint 10,Data,Architecture,Casey Johnson,Avery Lewis,Low,Done,8,4,mobile,UAT,2025-05-11,2025-05-13,2025-05-20,2025-05-07,2025-05-20,2025-05-13 00:00:00
TASK-00333,Data Sync Failure,Task,Data Platform,SPR-2025-11,Sprint 11,Data,Operations,Jordan Miller,Avery Lewis,Low,Done,8,8,genai,UAT,2025-05-24,2025-05-27,2025-05-31,2025-05-21,2025-06-03,2025-06-03 00:00:00
TASK-00334,Refactor Notification Service,Technical Debt,Marketplace,SPR-2025-19,Sprint 19,Marketplace,Analytics,Jane Doe,Jamie White,Critical,Blocked,2,2,Genai,DEV,2025-09-10,2025-09-10,,2025-09-10,2025-09-23,2025-09-15 00:00:00
TASK-00335,Improve Mobile Responsiveness,Spike,Marketplace,SPR-2025-02,Sprint 2,Data,Product,Alex Smith,Drew Walker,Medium,To Do,8 pts,2,api,PROD,2025-01-24,2025-01-27,,2025-01-15,2025-01-28,2025-02-08 00:00:00
TASK-00336,Update Documentation,Task,Customer Portal,SPR-2025-24,Sprint 24,Growth,Engineering,Casey Johnson,Morgan Davis,High,Blocked,13,4,"performance, mobile",PROD,2025-11-20,2025-11-23,,2025-11-19,2025-12-02,2025-11-27 00:00:00
TASK-00337,Fix API Response Validation,Technical Debt,Identity Service,SPR-2025-17,Sprint 17,Core,Operations,Jordan Miller,Jamie White,Critical,Done,13,12,ux,DEV,2025-08-18,2025-08-21,2025-09-02,2025-08-13,2025-08-26,2025-08-30 00:00:00
TASK-00338,Improve Error Handling,Spike,Marketplace,SPR-2025-23,Sprint 23,Data,Analytics,Taylor Brown,Drew Walker,Low,Done,13,12,"backend, security, performance",DEV,2025-11-05,2025-11-06,2025-11-17,2025-11-05,2025-11-18,2025-11-19 00:00:00
TASK-00339,IMPROVE MOBILE RESPONSIVENESS,Spike,Customer Portal,SPR-2025-01,Sprint 1,Core,Analytics,Alex Smith,Jamie White,High,Done,2,24,"backend, performance",DEV,2025-01-02,2025-01-05,2025-01-09,2025-01-01,2025-01-14,2025-01-05 00:00:00
TASK-00340,Login Error,Bug,Marketplace,SPR-2025-06,Sprint 6,Marketplace,Analytics,Casey Johnson,Morgan Davis,Medium,Done,2,2,"mobile, genai, frontend",DEV,2025-03-16,2025-03-16,2025-03-18,2025-03-12,2025-03-25,2025-03-17 00:00:00
TASK-00341,Login Error,Bug,Marketplace,SPR-2025-13,Sprint 13,CX,Product,Chris Lee,Robin Clark,Low,Done,2,2,api,QA,2025-06-21,2025-06-22,2025-06-24,2025-06-18,2025-07-01,2025-06-27 00:00:00
TASK-00342,Broken Navigation Menu,Task,Mobile App,SPR-2025-18,Sprint 18,Growth,Engineering,Jordan Miller,Robin Clark,Low,In Progress,3 pts,4,data,PROD,2025-09-02,2025-09-05,,2025-08-27,2025-09-09,2025-09-05 00:00:00
TASK-00343,Refactor Notification Service,Spike,Backoffice,SPR-2025-23,Sprint 23,Marketplace,Engineering,John Doe,Jamie White,Critical,testing,13,4,"security, genai, backend",DEV,2025-11-13,2025-11-14,,2025-11-05,2025-11-18,2025-11-16 00:00:00
TASK-00344,Update Documentation,Bug,Backoffice,SPR-2025-10,Sprint 10,Core,Analytics,John Doe,Jamie White,High,Done,5,2,"Performance, genai, security",UAT,2025-05-10,2025-05-13,2025-05-14,2025-05-07,2025-05-20,2025-05-20 00:00:00
TASK-00345,Fix ETL Pipeline Failure,Bug,Customer Portal,SPR-2025-08,Sprint 8,Growth,Engineering,Taylor Brown,Jamie White,Medium,Blocked,5,4,backend,DEV,2025-04-12,2025-04-12,,2025-04-09,2025-04-22,2025-04-17 00:00:00
TASK-00346,Data Sync Failure,Task,Marketplace,SPR-2025-19,Sprint 19,Core,Engineering,Casey Johnson,Avery Lewis,Medium,in progress,2,8,"mobile, data",PROD,2025-09-18,2025-09-19,,2025-09-10,2025-09-23,2025-10-01 00:00:00
TASK-00347,Checkout Button Not Responding,Story,Identity Service,SPR-2025-05,Sprint 5,Core,Engineering,Alex Smith,Jamie White,Medium,Done,2,12,"ux, ETL",DEV,2025-03-05,2025-03-05,2025-03-07,2025-02-26,2025-03-11,2025-03-05 00:00:00
TASK-00348,Broken Navigation Menu,Story,Customer Portal,SPR-2025-17,Sprint 17,Core,Analytics,Chris Lee,Drew Walker,High,Done,8 pts,2,ux,PROD,2025-08-18,2025-08-21,2025-08-28,2025-08-13,2025-08-26,2025-08-29 00:00:00
TASK-00349,Fix ETL Pipeline Failure,Story,Backoffice,SPR-2025-23,Sprint 23,CX,Engineering,John Doe,Morgan Davis,High,Blocked,13 pts,24,"performance, Genai",DEV,2025-11-05,2025-11-08,,2025-11-05,2025-11-18,2025-11-17 00:00:00
TASK-00350,Create Usage Dashboard,Story,Data Platform,SPR-2025-13,Sprint 13,Marketplace,Engineering,Jordan Miller,Robin Clark,High,Done,8,24,"Data, ux, backend",DEV,2025-06-27,2025-06-27,2025-07-04,2025-06-18,2025-07-01,2025-07-02 00:00:00
TASK-00351,Create Monitoring Alerts,Bug,Marketplace,SPR-2025-16,Sprint 16,CX,Engineering,Alex Smith,Jamie White,High,To Do,2,4,Genai,DEV,2025-07-30,2025-07-30,,2025-07-30,2025-08-12,2025-08-04 00:00:00
TASK-00352,CREATE USAGE DASHBOARD,Bug,Identity Service,SPR-2025-07,Sprint 7,CX,Product,Jane Doe,Jamie White,Low,Done,3 pts,2,"GENAI, backend",DEV,2025-03-30,2025-04-02,2025-04-04,2025-03-26,2025-04-08,2025-04-11 00:00:00
TASK-00353,Refactor Notification Service,Task,Mobile App,SPR-2025-20,Sprint 20,Growth,Operations,Jordan Miller,Jamie White,High,Blocked,3,40,"ux, performance",DEV,2025-10-02,2025-10-04,,2025-09-24,2025-10-07,2025-10-05 00:00:00
TASK-00354,Fix User Profile Update,Technical Debt,Mobile App,SPR-2025-17,Sprint 17,Platform,Operations,Casey Johnson,Morgan Davis,MEDIUM,Done,13,40,"security, frontend, performance",PROD,2025-08-17,2025-08-18,2025-08-29,2025-08-13,2025-08-26,2025-08-26 00:00:00
TASK-00355,CREATE MONITORING ALERTS,Technical Debt,Customer Portal,SPR-2025-20,Sprint 20,Data,Engineering,Alex Smith,Morgan Davis,Critical,Done,3,16,"api, genai",DEV,2025-09-27,2025-09-28,2025-10-10,2025-09-24,2025-10-07,2025-10-10 00:00:00
TASK-00356,Improve Mobile Responsiveness,Spike,Mobile App,SPR-2025-23,Sprint 23,Marketplace,Analytics,Taylor Brown,Drew Walker,Medium,Blocked,13,24,etl,DEV,2025-11-05,2025-11-06,,2025-11-05,2025-11-18,2025-11-15 00:00:00
TASK-00357,checkout button not responding,Bug,Backoffice,SPR-2025-13,Sprint 13,CX,Engineering,Jordan Miller,Avery Lewis,Low,Done,8,24,"security, api, PERFORMANCE",UAT,2025-06-24,2025-06-27,2025-06-29,2025-06-18,2025-07-01,2025-07-05 00:00:00
TASK-00358,Data Sync Failure,Task,Backoffice,SPR-2025-22,Sprint 22,Marketplace,Product,Sam Wilson,Drew Walker,High,IN PROGRESS,5,4,frontend,PROD,2025-10-24,2025-10-25,,2025-10-22,2025-11-04,2025-10-30 00:00:00
TASK-00359,Update Documentation,Task,Identity Service,SPR-2025-16,Sprint 16,Data,Product,Jordan Miller,Robin Clark,Medium,To Do,2,2,genai,PROD,2025-08-03,2025-08-06,,2025-07-30,2025-08-12,2025-08-18 00:00:00
TASK-00360,Checkout Button Not Responding,Spike,Data Platform,SPR-2025-12,Sprint 12,Data,Engineering,Taylor Brown,Jamie White,Medium,To Do,8,4,"frontend, data, genai",DEV,2025-06-10,2025-06-13,,2025-06-04,2025-06-17,2025-06-21 00:00:00
TASK-00361,Improve Mobile Responsiveness,Task,Backoffice,SPR-2025-24,Sprint 24,Core,Engineering,Jordan Miller,Jamie White,Critical,Done,2,2,"Api, frontend",DEV,2025-11-28,2025-11-28,2025-12-01,2025-11-19,2025-12-02,2025-12-01 00:00:00
TASK-00362,Create Usage Dashboard,Spike,Identity Service,SPR-2025-08,Sprint 8,Marketplace,Architecture,Taylor Brown,Morgan Davis,Critical,Testing,13,40,"ux, Data, GENAI",PROD,2025-04-15,2025-04-18,,2025-04-09,2025-04-22,2025-04-23 00:00:00
TASK-00363,Add Audit Logging,Bug,Marketplace,SPR-2025-23,Sprint 23,CX,Architecture,Casey Johnson,Morgan Davis,medium,Done,1,40,ux,DEV,2025-11-06,2025-11-07,2025-11-19,2025-11-05,2025-11-18,2025-11-12 00:00:00
TASK-00364,Improve Error Handling,Technical Debt,Customer Portal,SPR-2025-22,Sprint 22,Core,Product,Taylor Brown,Robin Clark,High,Done,2,24,"data, frontend, backend",DEV,2025-10-23,2025-10-24,2025-10-25,2025-10-22,2025-11-04,2025-11-01 00:00:00
TASK-00365,Refactor Notification Service,Story,Data Platform,SPR-2025-22,Sprint 22,Data,Engineering,Taylor Brown,Drew Walker,High,In Progress,8,2,MOBILE,UAT,2025-10-30,2025-11-02,,2025-10-22,2025-11-04,2025-11-07 00:00:00
TASK-00366,Improve Mobile Responsiveness,Story,Identity Service,SPR-2025-05,Sprint 5,Platform,Architecture,Alex Smith,Avery Lewis,Medium,To Do,1,24,"API, etl, mobile",QA,2025-03-07,2025-03-10,,2025-02-26,2025-03-11,2025-03-17 00:00:00
TASK-00367,optimize database query,Bug,Mobile App,SPR-2025-14,Sprint 14,Core,Engineering,Jordan Miller,Morgan Davis,Low,Blocked,5 pts,24h,"data, api",DEV,2025-07-08,2025-07-08,,2025-07-02,2025-07-15,2025-07-13 00:00:00
TASK-00368,Review Access Permissions,Spike,Backoffice,SPR-2025-17,Sprint 17,Data,Analytics,John Doe,Drew Walker,High,To Do,1,40,"etl, performance",QA,2025-08-17,2025-08-20,,2025-08-13,2025-08-26,2025-08-21 00:00:00
TASK-00369,Broken Navigation Menu,Technical Debt,Identity Service,SPR-2025-05,Sprint 5,Data,Analytics,Jane Doe,Robin Clark,Medium,To Do,5,4,"genai, etl",PROD,2025-03-04,2025-03-06,,2025-02-26,2025-03-11,2025-03-14 00:00:00
TASK-00370,Fix API Response Validation,Story,Marketplace,SPR-2025-03,Sprint 3,Core,Architecture,Jane Doe,Avery Lewis,low,To Do,3,12,ux,DEV,2025-02-08,2025-02-08,,2025-01-29,2025-02-11,2025-02-14 00:00:00
TASK-00371,Create Monitoring Alerts,Story,Backoffice,SPR-2025-24,Sprint 24,Platform,Product,Jordan Miller,Avery Lewis,Low,Done,2,40,API,PROD,2025-11-19,2025-11-22,2025-11-26,2025-11-19,2025-12-02,2025-11-24 00:00:00
TASK-00372,Improve Error Handling,Technical Debt,Mobile App,SPR-2025-12,Sprint 12,Core,Architecture,Casey Johnson,Morgan Davis,Low,Blocked,5,4h,"performance, ux, mobile",UAT,2025-06-05,2025-06-07,,2025-06-04,2025-06-17,2025-06-05 00:00:00
TASK-00373,Broken Navigation Menu,Task,Customer Portal,SPR-2025-20,Sprint 20,Core,Operations,Chris Lee,Robin Clark,Medium,Testing,1,12,"Etl, api, Ux",UAT,2025-10-01,2025-10-03,,2025-09-24,2025-10-07,2025-10-14 00:00:00
TASK-00374,Data Sync Failure,Story,Marketplace,SPR-2025-06,Sprint 6,Core,Analytics,John Doe,Jamie White,High,In Progress,1,40,mobile,QA,2025-03-20,2025-03-22,,2025-03-12,2025-03-25,2025-04-04 00:00:00
TASK-00375,Update Documentation,Task,Backoffice,SPR-2025-22,Sprint 22,Growth,Engineering,John Doe,Robin Clark,Critical,Done,13,12,Frontend,PROD,2025-10-26,2025-10-26,2025-11-06,2025-10-22,2025-11-04,2025-10-26 00:00:00
TASK-00376,Add Audit Logging,Bug,Identity Service,SPR-2025-14,Sprint 14,Marketplace,Architecture,Alex Smith,Jamie White,Medium,testing,2,40,"Mobile, ux",QA,2025-07-09,2025-07-11,,2025-07-02,2025-07-15,2025-07-16 00:00:00
TASK-00377,Update Documentation,Bug,Data Platform,SPR-2025-04,Sprint 4,Growth,Analytics,Chris Lee,Robin Clark,medium,To Do,1,16,"mobile, PERFORMANCE, security",UAT,2025-02-14,2025-02-17,,2025-02-12,2025-02-25,2025-02-27 00:00:00
TASK-00378,Refactor Notification Service,Bug,Identity Service,SPR-2025-08,Sprint 8,CX,Engineering,Chris Lee,Robin Clark,Critical,IN PROGRESS,8,4,"security, PERFORMANCE",UAT,2025-04-14,2025-04-14,,2025-04-09,2025-04-22,2025-04-25 00:00:00
TASK-00379,improve search performance,Technical Debt,Data Platform,SPR-2025-08,Sprint 8,Platform,Operations,Taylor Brown,Drew Walker,LOW,In Progress,13,4,backend,QA,2025-04-19,2025-04-21,,2025-04-09,2025-04-22,2025-04-20 00:00:00
TASK-00380,Broken Navigation Menu,Bug,Backoffice,SPR-2025-05,Sprint 5,Growth,Engineering,Jordan Miller,Avery Lewis,Critical,Done,1,2,"etl, frontend, Api",DEV,2025-03-01,2025-03-04,2025-03-13,2025-02-26,2025-03-11,2025-03-06 00:00:00
TASK-00381,Optimize Database Query,Technical Debt,Mobile App,SPR-2025-15,Sprint 15,Data,Engineering,John Doe,Drew Walker,Low,Done,2,2,"genai, etl, data",QA,2025-07-24,2025-07-27,2025-08-06,2025-07-16,2025-07-29,2025-08-02 00:00:00
TASK-00382,Update Documentation,Task,Data Platform,SPR-2025-02,Sprint 2,Growth,Architecture,Sam Wilson,Jamie White,Low,Blocked,2,4,security,PROD,2025-01-25,2025-01-26,,2025-01-15,2025-01-28,2025-02-03 00:00:00
TASK-00383,Create Usage Dashboard,Technical Debt,Identity Service,SPR-2025-11,Sprint 11,Core,Engineering,Casey Johnson,Jamie White,Low,Done,8,24,"data, etl, mobile",PROD,2025-05-21,2025-05-21,2025-05-26,2025-05-21,2025-06-03,2025-06-01 00:00:00
TASK-00384,Implement MFA Authentication,Spike,Mobile App,SPR-2025-05,Sprint 5,Marketplace,Architecture,Alex Smith,Morgan Davis,Medium,Done,1,4,"Performance, mobile, backend",DEV,2025-03-05,2025-03-05,2025-03-08,2025-02-26,2025-03-11,2025-03-17 00:00:00
TASK-00385,user session timeout,Task,Identity Service,SPR-2025-13,Sprint 13,Growth,Engineering,Alex Smith,Avery Lewis,Low,Done,13,40,etl,PROD,2025-06-18,2025-06-18,2025-06-29,2025-06-18,2025-07-01,2025-06-23 00:00:00
TASK-00386,Optimize Database Query,Spike,Marketplace,SPR-2025-10,Sprint 10,Data,Analytics,Sam Wilson,Jamie White,LOW,in progress,1,8,"api, FRONTEND",PROD,2025-05-12,2025-05-15,,2025-05-07,2025-05-20,2025-05-15 00:00:00
TASK-00387,Checkout Button Not Responding,Story,Identity Service,SPR-2025-16,Sprint 16,Marketplace,Analytics,Sam Wilson,Robin Clark,High,In Progress,1,16,"etl, security",DEV,2025-08-01,2025-08-01,,2025-07-30,2025-08-12,2025-08-09 00:00:00
TASK-00388,Fix API Response Validation,Task,Customer Portal,SPR-2025-16,Sprint 16,Growth,Analytics,Alex Smith,Jamie White,Medium,Blocked,2,12,"backend, performance",PROD,2025-08-09,2025-08-11,,2025-07-30,2025-08-12,2025-08-20 00:00:00
TASK-00389,refactor notification service,Story,Identity Service,SPR-2025-11,Sprint 11,Growth,Engineering,Chris Lee,Morgan Davis,Medium,Done,8,16,"mobile, ux, backend",QA,2025-05-28,2025-05-31,2025-06-10,2025-05-21,2025-06-03,2025-05-28 00:00:00
TASK-00390,User Session Timeout,Story,Marketplace,SPR-2025-12,Sprint 12,Marketplace,Product,Jordan Miller,Robin Clark,High,Blocked,2,4,"ux, MOBILE, Etl",DEV,2025-06-12,2025-06-15,,2025-06-04,2025-06-17,2025-06-15 00:00:00
TASK-00391,login error,Story,Identity Service,SPR-2025-22,Sprint 22,CX,Analytics,Casey Johnson,Avery Lewis,medium,Done,1 pts,40,api,UAT,2025-10-31,2025-10-31,2025-11-03,2025-10-22,2025-11-04,2025-11-14 00:00:00
TASK-00392,User Session Timeout,Story,Marketplace,SPR-2025-21,Sprint 21,Data,Analytics,Jane Doe,Drew Walker,Medium,in progress,1,12,"etl, data",PROD,2025-10-08,2025-10-10,,2025-10-08,2025-10-21,2025-10-12 00:00:00
TASK-00393,Improve Error Handling,Story,Data Platform,SPR-2025-24,Sprint 24,Growth,Product,Jane Doe,Robin Clark,Low,Done,5,24,"api, frontend",UAT,2025-11-22,2025-11-25,2025-11-28,2025-11-19,2025-12-02,2025-11-22 00:00:00
TASK-00394,Login Error,Technical Debt,Marketplace,SPR-2025-08,Sprint 8,Growth,Product,Chris Lee,Morgan Davis,High,done,2,2,performance,UAT,2025-04-13,2025-04-14,2025-04-24,2025-04-09,2025-04-22,2025-04-13 00:00:00
TASK-00395,Broken Navigation Menu,Spike,Marketplace,SPR-2025-12,Sprint 12,CX,Product,Sam Wilson,Jamie White,Low,Done,13,16,frontend,QA,2025-06-08,2025-06-11,2025-06-18,2025-06-04,2025-06-17,2025-06-22 00:00:00
TASK-00396,Implement MFA Authentication,Technical Debt,Marketplace,SPR-2025-03,Sprint 3,Growth,Operations,Taylor Brown,Jamie White,Medium,Blocked,2,16,"performance, Etl, security",DEV,2025-02-08,2025-02-08,,2025-01-29,2025-02-11,2025-02-12 00:00:00
TASK-00397,Checkout Button Not Responding,Spike,Data Platform,SPR-2025-19,Sprint 19,Core,Analytics,Casey Johnson,Jamie White,Low,TO DO,5,8,"performance, SECURITY",DEV,2025-09-20,2025-09-23,,2025-09-10,2025-09-23,2025-10-05 00:00:00
TASK-00398,Update Documentation,Bug,Data Platform,SPR-2025-02,Sprint 2,Core,Engineering,Jordan Miller,Morgan Davis,High,Done,13,12,"frontend, performance, Mobile",QA,2025-01-20,2025-01-22,2025-02-02,2025-01-15,2025-01-28,2025-02-01 00:00:00
TASK-00399,Improve Error Handling,Task,Data Platform,SPR-2025-15,Sprint 15,CX,Operations,Taylor Brown,Avery Lewis,Critical,Testing,2,12,ux,DEV,2025-07-26,2025-07-26,,2025-07-16,2025-07-29,2025-08-03 00:00:00
TASK-00400,Implement MFA Authentication,Spike,Data Platform,SPR-2025-15,Sprint 15,Platform,Engineering,Jane Doe,Jamie White,Low,Blocked,5 pts,40,"GENAI, mobile",DEV,2025-07-16,2025-07-17,,2025-07-16,2025-07-29,2025-07-24 00:00:00
TASK-00401,Create Monitoring Alerts,Spike,Backoffice,SPR-2025-13,Sprint 13,Marketplace,Engineering,Jordan Miller,Robin Clark,High,Done,1 pts,12,"api, mobile",PROD,2025-06-19,2025-06-21,2025-06-28,2025-06-18,2025-07-01,2025-06-19 00:00:00
TASK-00402,update api documentation,Bug,Marketplace,SPR-2025-18,Sprint 18,Data,Operations,Jane Doe,Morgan Davis,HIGH,To Do,5,12,ux,QA,2025-09-05,2025-09-06,,2025-08-27,2025-09-09,2025-09-11 00:00:00
TASK-00403,Implement MFA Authentication,Spike,Marketplace,SPR-2025-14,Sprint 14,Core,Analytics,Chris Lee,Drew Walker,Low,Done,3 pts,8,genai,PROD,2025-07-10,2025-07-11,2025-07-15,2025-07-02,2025-07-15,2025-07-20 00:00:00
TASK-00404,Create Usage Dashboard,Technical Debt,Marketplace,SPR-2025-04,Sprint 4,Growth,Operations,Jane Doe,Avery Lewis,Critical,Done,13,12,"performance, Backend, etl",DEV,2025-02-14,2025-02-17,2025-02-27,2025-02-12,2025-02-25,2025-02-23 00:00:00
TASK-00405,Implement MFA Authentication,Task,Data Platform,SPR-2025-14,Sprint 14,Core,Engineering,John Doe,Avery Lewis,Low,Done,5,40,"ux, frontend, security",DEV,2025-07-05,2025-07-06,2025-07-08,2025-07-02,2025-07-15,2025-07-05 00:00:00
TASK-00406,Update API Documentation,Story,Marketplace,SPR-2025-01,Sprint 1,Platform,Architecture,Alex Smith,Avery Lewis,Medium,Done,5,12,"Ux, frontend, performance",QA,2025-01-03,2025-01-05,2025-01-17,2025-01-01,2025-01-14,2025-01-06 00:00:00
TASK-00407,Optimize Database Query,Technical Debt,Marketplace,SPR-2025-23,Sprint 23,Growth,Engineering,Casey Johnson,Robin Clark,Medium,Done,2 pts,2,"performance, api, frontend",QA,2025-11-07,2025-11-07,2025-11-18,2025-11-05,2025-11-18,2025-11-14 00:00:00
TASK-00408,Improve Mobile Responsiveness,Technical Debt,Mobile App,SPR-2025-21,Sprint 21,Growth,Engineering,Sam Wilson,Robin Clark,Low,In Progress,2,24,backend,QA,2025-10-11,2025-10-13,,2025-10-08,2025-10-21,2025-10-13 00:00:00
TASK-00409,Improve Search Performance,Story,Customer Portal,SPR-2025-03,Sprint 3,Platform,Product,Alex Smith,Drew Walker,Low,Blocked,5,2,"ux, security",DEV,2025-02-05,2025-02-07,,2025-01-29,2025-02-11,2025-02-08 00:00:00
TASK-00410,login error,Story,Mobile App,SPR-2025-11,Sprint 11,Marketplace,Engineering,Sam Wilson,Robin Clark,High,Blocked,2,16h,"Api, mobile, security",PROD,2025-05-26,2025-05-29,,2025-05-21,2025-06-03,2025-06-01 00:00:00
TASK-00411,Create Monitoring Alerts,Spike,Marketplace,SPR-2025-03,Sprint 3,Core,Operations,Sam Wilson,Robin Clark,Medium,Done,2,24,"Backend, data",DEV,2025-02-03,2025-02-05,2025-02-12,2025-01-29,2025-02-11,2025-02-15 00:00:00
TASK-00412,Data Sync Failure,Story,Data Platform,SPR-2025-14,Sprint 14,Data,Product,Taylor Brown,Robin Clark,Low,Done,3,8,"ETL, Security, ux",UAT,2025-07-05,2025-07-07,2025-07-09,2025-07-02,2025-07-15,2025-07-09 00:00:00
TASK-00413,Refactor Notification Service,Bug,Backoffice,SPR-2025-11,Sprint 11,Marketplace,Operations,Jordan Miller,Robin Clark,High,TESTING,8 pts,8,"mobile, backend, data",UAT,2025-05-22,2025-05-22,,2025-05-21,2025-06-03,2025-05-28 00:00:00
TASK-00414,improve search performance,Spike,Data Platform,SPR-2025-07,Sprint 7,Data,Operations,John Doe,Drew Walker,Medium,Done,8,16h,performance,DEV,2025-03-26,2025-03-29,2025-04-05,2025-03-26,2025-04-08,2025-04-05 00:00:00
TASK-00415,Checkout Button Not Responding,Bug,Data Platform,SPR-2025-21,Sprint 21,CX,Product,John Doe,Jamie White,High,Done,8,12,"data, genai",DEV,2025-10-08,2025-10-08,2025-10-15,2025-10-08,2025-10-21,2025-10-08 00:00:00
TASK-00416,create usage dashboard,Task,Data Platform,SPR-2025-05,Sprint 5,Marketplace,Architecture,Jordan Miller,Robin Clark,High,Done,8,24,"FRONTEND, backend",QA,2025-02-27,2025-03-01,2025-03-05,2025-02-26,2025-03-11,2025-03-03 00:00:00
TASK-00417,Review Access Permissions,Story,Mobile App,SPR-2025-19,Sprint 19,Platform,Analytics,Jane Doe,Robin Clark,Critical,In Progress,13,16,"genai, data",QA,2025-09-17,2025-09-17,,2025-09-10,2025-09-23,2025-09-23 00:00:00
TASK-00418,Login Error,Story,Backoffice,SPR-2025-23,Sprint 23,Growth,Engineering,Taylor Brown,Robin Clark,Critical,blocked,2,8,"etl, performance, security",PROD,2025-11-06,2025-11-06,,2025-11-05,2025-11-18,2025-11-20 00:00:00
TASK-00419,Add Audit Logging,Spike,Customer Portal,SPR-2025-20,Sprint 20,Platform,Product,Casey Johnson,Drew Walker,High,Done,8,4,backend,PROD,2025-10-02,2025-10-03,2025-10-08,2025-09-24,2025-10-07,2025-10-13 00:00:00
TASK-00420,Create Monitoring Alerts,Technical Debt,Marketplace,SPR-2025-09,Sprint 9,CX,Operations,Jane Doe,Morgan Davis,high,Done,3,2,"Ux, Mobile, data",QA,2025-04-24,2025-04-24,2025-05-01,2025-04-23,2025-05-06,2025-04-27 00:00:00
TASK-00421,Fix API Response Validation,Task,Marketplace,SPR-2025-08,Sprint 8,Data,Engineering,Taylor Brown,Robin Clark,High,Done,8,12,mobile,UAT,2025-04-10,2025-04-10,2025-04-14,2025-04-09,2025-04-22,2025-04-19 00:00:00
TASK-00422,Update API Documentation,Spike,Customer Portal,SPR-2025-24,Sprint 24,Growth,Operations,Jordan Miller,Robin Clark,High,In Progress,13,8,api,DEV,2025-11-19,2025-11-19,,2025-11-19,2025-12-02,2025-11-24 00:00:00
TASK-00423,Broken Navigation Menu,Task,Marketplace,SPR-2025-09,Sprint 9,Core,Analytics,Sam Wilson,Avery Lewis,Low,Done,2,2,"data, mobile, API",UAT,2025-04-24,2025-04-25,2025-05-05,2025-04-23,2025-05-06,2025-05-05 00:00:00
TASK-00424,Create Monitoring Alerts,Technical Debt,Identity Service,SPR-2025-15,Sprint 15,Marketplace,Operations,Chris Lee,Jamie White,Critical,Testing,13,24h,"mobile, API",DEV,2025-07-16,2025-07-18,,2025-07-16,2025-07-29,2025-07-22 00:00:00
TASK-00425,Improve Error Handling,Story,Mobile App,SPR-2025-13,Sprint 13,CX,Architecture,Chris Lee,Drew Walker,Critical,Blocked,8,24,"ux, performance",DEV,2025-06-28,2025-06-28,,2025-06-18,2025-07-01,2025-07-11 00:00:00
TASK-00426,Fix User Profile Update,Bug,Customer Portal,SPR-2025-15,Sprint 15,Platform,Architecture,Jane Doe,Morgan Davis,Medium,Testing,2,8,"api, data, GENAI",PROD,2025-07-25,2025-07-27,,2025-07-16,2025-07-29,2025-08-03 00:00:00
TASK-00427,Update Documentation,Story,Marketplace,SPR-2025-01,Sprint 1,CX,Product,Sam Wilson,Jamie White,High,DONE,8,40,Data,DEV,2025-01-07,2025-01-09,2025-01-14,2025-01-01,2025-01-14,2025-01-22 00:00:00
TASK-00428,Optimize Database Query,Spike,Backoffice,SPR-2025-12,Sprint 12,Data,Analytics,Sam Wilson,Morgan Davis,High,Done,5,8,mobile,UAT,2025-06-07,2025-06-10,2025-06-12,2025-06-04,2025-06-17,2025-06-21 00:00:00
TASK-00429,Update Documentation,Bug,Marketplace,SPR-2025-18,Sprint 18,Growth,Engineering,Sam Wilson,Jamie White,High,Done,13,12,"ux, performance",UAT,2025-08-29,2025-09-01,2025-09-03,2025-08-27,2025-09-09,2025-09-02 00:00:00
TASK-00430,Update Documentation,Technical Debt,Marketplace,SPR-2025-20,Sprint 20,Marketplace,Analytics,John Doe,Morgan Davis,Low,To Do,8,2h,"backend, security",DEV,2025-10-02,2025-10-04,,2025-09-24,2025-10-07,2025-10-08 00:00:00
TASK-00431,Update Documentation,Technical Debt,Mobile App,SPR-2025-17,Sprint 17,CX,Product,Taylor Brown,Jamie White,High,In Progress,1,16,BACKEND,DEV,2025-08-15,2025-08-18,,2025-08-13,2025-08-26,2025-08-30 00:00:00
TASK-00432,Improve Mobile Responsiveness,Story,Customer Portal,SPR-2025-01,Sprint 1,CX,Architecture,Taylor Brown,Avery Lewis,Medium,Done,8,16,"Performance, BACKEND, Ux",PROD,2025-01-09,2025-01-12,2025-01-17,2025-01-01,2025-01-14,2025-01-18 00:00:00
TASK-00433,Optimize Database Query,Spike,Mobile App,SPR-2025-10,Sprint 10,Platform,Engineering,Casey Johnson,Avery Lewis,Low,Blocked,5,8,"UX, frontend, data",UAT,2025-05-17,2025-05-17,,2025-05-07,2025-05-20,2025-05-17 00:00:00
TASK-00434,Improve Mobile Responsiveness,Spike,Marketplace,SPR-2025-06,Sprint 6,Core,Architecture,Alex Smith,Drew Walker,Medium,Testing,3,16,"api, DATA, etl",UAT,2025-03-17,2025-03-18,,2025-03-12,2025-03-25,2025-03-21 00:00:00
TASK-00435,USER SESSION TIMEOUT,Story,Identity Service,SPR-2025-23,Sprint 23,Core,Operations,Jane Doe,Morgan Davis,Medium,Done,13,24,Mobile,UAT,2025-11-10,2025-11-12,2025-11-14,2025-11-05,2025-11-18,2025-11-13 00:00:00
TASK-00436,Create Usage Dashboard,Spike,Backoffice,SPR-2025-02,Sprint 2,Data,Product,John Doe,Morgan Davis,Critical,Done,13,4,"genai, data",QA,2025-01-16,2025-01-19,2025-01-20,2025-01-15,2025-01-28,2025-01-17 00:00:00
TASK-00437,Refactor Notification Service,Spike,Marketplace,SPR-2025-05,Sprint 5,Marketplace,Operations,Jane Doe,Drew Walker,Critical,Done,2,12,"performance, etl",DEV,2025-02-26,2025-02-28,2025-03-02,2025-02-26,2025-03-11,2025-03-02 00:00:00
TASK-00438,Update API Documentation,Technical Debt,Customer Portal,SPR-2025-17,Sprint 17,CX,Architecture,Sam Wilson,Avery Lewis,Low,In Progress,3,8,"backend, API",DEV,2025-08-17,2025-08-17,,2025-08-13,2025-08-26,2025-08-20 00:00:00
TASK-00439,Optimize Database Query,Bug,Data Platform,SPR-2025-19,Sprint 19,Growth,Operations,Jane Doe,Drew Walker,Low,DONE,8,8,"FRONTEND, mobile, genai",PROD,2025-09-17,2025-09-19,2025-09-26,2025-09-10,2025-09-23,2025-09-21 00:00:00
TASK-00440,Broken Navigation Menu,Spike,Identity Service,SPR-2025-09,Sprint 9,Marketplace,Product,Casey Johnson,Morgan Davis,High,To Do,2 pts,2h,etl,PROD,2025-04-23,2025-04-23,,2025-04-23,2025-05-06,2025-05-05 00:00:00
TASK-00441,data sync failure,Spike,Identity Service,SPR-2025-23,Sprint 23,CX,Architecture,John Doe,Morgan Davis,High,Done,3,2,PERFORMANCE,QA,2025-11-07,2025-11-10,2025-11-12,2025-11-05,2025-11-18,2025-11-08 00:00:00
TASK-00442,Broken Navigation Menu,Task,Customer Portal,SPR-2025-03,Sprint 3,Core,Analytics,Chris Lee,Drew Walker,Medium,Done,2,12,"backend, performance, data",UAT,2025-01-29,2025-01-30,2025-02-05,2025-01-29,2025-02-11,2025-02-05 00:00:00
TASK-00443,Broken Navigation Menu,Story,Mobile App,SPR-2025-17,Sprint 17,Platform,Engineering,John Doe,Jamie White,Critical,Done,2,40,data,PROD,2025-08-17,2025-08-19,2025-08-20,2025-08-13,2025-08-26,2025-08-31 00:00:00
TASK-00444,Improve Mobile Responsiveness,Spike,Backoffice,SPR-2025-04,Sprint 4,Growth,Analytics,John Doe,Drew Walker,low,Done,8,2,"genai, frontend",UAT,2025-02-12,2025-02-15,2025-02-25,2025-02-12,2025-02-25,2025-02-12 00:00:00
TASK-00445,Refactor Notification Service,Task,Backoffice,SPR-2025-20,Sprint 20,Core,Operations,Sam Wilson,Jamie White,Critical,Done,13,40h,etl,PROD,2025-09-29,2025-10-01,2025-10-02,2025-09-24,2025-10-07,2025-10-13 00:00:00
TASK-00446,optimize database query,Technical Debt,Mobile App,SPR-2025-24,Sprint 24,Growth,Analytics,Chris Lee,Robin Clark,Medium,Blocked,3,12h,"security, data",QA,2025-11-22,2025-11-23,,2025-11-19,2025-12-02,2025-12-06 00:00:00
TASK-00447,Broken Navigation Menu,Spike,Customer Portal,SPR-2025-15,Sprint 15,Data,Engineering,Alex Smith,Drew Walker,Medium,TO DO,8,8,"Security, backend, genai",DEV,2025-07-16,2025-07-19,,2025-07-16,2025-07-29,2025-07-23 00:00:00
TASK-00448,Data Sync Failure,Story,Data Platform,SPR-2025-04,Sprint 4,Growth,Product,Casey Johnson,Morgan Davis,Low,In Progress,2 pts,24,"frontend, SECURITY",DEV,2025-02-22,2025-02-22,,2025-02-12,2025-02-25,2025-03-01 00:00:00
TASK-00449,Add Audit Logging,Story,Backoffice,SPR-2025-07,Sprint 7,Growth,Product,Taylor Brown,Robin Clark,MEDIUM,Done,8,8,"security, Genai, DATA",UAT,2025-03-31,2025-04-02,2025-04-04,2025-03-26,2025-04-08,2025-04-06 00:00:00
TASK-00450,Fix API Response Validation,Task,Data Platform,SPR-2025-13,Sprint 13,Data,Architecture,Sam Wilson,Jamie White,Medium,Done,8,24,"backend, etl, frontend",UAT,2025-06-27,2025-06-27,2025-07-08,2025-06-18,2025-07-01,2025-07-04 00:00:00
TASK-00451,Fix ETL Pipeline Failure,Story,Backoffice,SPR-2025-12,Sprint 12,Data,Operations,Alex Smith,Drew Walker,Critical,Testing,3,2,"genai, mobile, performance",UAT,2025-06-07,2025-06-10,,2025-06-04,2025-06-17,2025-06-16 00:00:00
TASK-00452,Update Documentation,Story,Mobile App,SPR-2025-11,Sprint 11,Data,Architecture,Jordan Miller,Avery Lewis,Medium,To Do,5 pts,2,"genai, backend, API",UAT,2025-05-26,2025-05-26,,2025-05-21,2025-06-03,2025-05-30 00:00:00
TASK-00453,Review Access Permissions,Story,Identity Service,SPR-2025-13,Sprint 13,Data,Architecture,Jane Doe,Jamie White,Low,Done,1 pts,8,"genai, ux",DEV,2025-06-26,2025-06-27,2025-07-03,2025-06-18,2025-07-01,2025-07-07 00:00:00
TASK-00454,Review Access Permissions,Story,Mobile App,SPR-2025-22,Sprint 22,Marketplace,Engineering,Jordan Miller,Drew Walker,Low,Done,5,16,"performance, etl, ux",UAT,2025-11-01,2025-11-04,2025-11-13,2025-10-22,2025-11-04,2025-11-11 00:00:00
TASK-00455,Fix User Profile Update,Story,Backoffice,SPR-2025-04,Sprint 4,CX,Engineering,John Doe,Drew Walker,Medium,In Progress,3,40,Data,DEV,2025-02-17,2025-02-19,,2025-02-12,2025-02-25,2025-02-23 00:00:00
TASK-00456,Add Audit Logging,Spike,Data Platform,SPR-2025-01,Sprint 1,Growth,Engineering,Sam Wilson,Morgan Davis,Medium,Done,3,24,genai,UAT,2025-01-08,2025-01-08,2025-01-18,2025-01-01,2025-01-14,2025-01-10 00:00:00
TASK-00457,Optimize Database Query,Bug,Identity Service,SPR-2025-24,Sprint 24,Marketplace,Product,Taylor Brown,Jamie White,Low,Testing,3,2,"etl, security, mobile",PROD,2025-11-22,2025-11-22,,2025-11-19,2025-12-02,2025-11-29 00:00:00
TASK-00458,Fix User Profile Update,Spike,Backoffice,SPR-2025-22,Sprint 22,CX,Engineering,Alex Smith,Morgan Davis,Medium,Done,1,40,frontend,PROD,2025-10-25,2025-10-27,2025-10-30,2025-10-22,2025-11-04,2025-11-02 00:00:00
TASK-00459,Create Usage Dashboard,Task,Marketplace,SPR-2025-20,Sprint 20,Core,Analytics,Taylor Brown,Avery Lewis,Medium,Done,13,40,"security, etl, genai",DEV,2025-09-30,2025-10-01,2025-10-12,2025-09-24,2025-10-07,2025-10-05 00:00:00
TASK-00460,Update Documentation,Spike,Mobile App,SPR-2025-15,Sprint 15,CX,Analytics,Sam Wilson,Robin Clark,Critical,Testing,5,24,"data, etl",PROD,2025-07-21,2025-07-21,,2025-07-16,2025-07-29,2025-08-02 00:00:00
TASK-00461,Fix User Profile Update,Bug,Backoffice,SPR-2025-15,Sprint 15,CX,Analytics,Alex Smith,Drew Walker,High,testing,1,12,etl,DEV,2025-07-22,2025-07-25,,2025-07-16,2025-07-29,2025-07-22 00:00:00
TASK-00462,IMPROVE ERROR HANDLING,Task,Marketplace,SPR-2025-13,Sprint 13,Data,Architecture,Taylor Brown,Morgan Davis,Low,Blocked,3,4,"mobile, data",DEV,2025-06-19,2025-06-21,,2025-06-18,2025-07-01,2025-06-19 00:00:00
TASK-00463,CHECKOUT BUTTON NOT RESPONDING,Technical Debt,Identity Service,SPR-2025-17,Sprint 17,Marketplace,Operations,John Doe,Morgan Davis,MEDIUM,DONE,13,40,"api, DATA",QA,2025-08-14,2025-08-17,2025-08-22,2025-08-13,2025-08-26,2025-08-17 00:00:00
TASK-00464,Checkout Button Not Responding,Story,Marketplace,SPR-2025-24,Sprint 24,CX,Analytics,Casey Johnson,Robin Clark,Critical,In Progress,1,12,"performance, genai",QA,2025-11-28,2025-12-01,,2025-11-19,2025-12-02,2025-12-10 00:00:00
TASK-00465,Improve Search Performance,Story,Customer Portal,SPR-2025-01,Sprint 1,Core,Architecture,Taylor Brown,Morgan Davis,Low,Blocked,2,12,"data, security, API",QA,2025-01-08,2025-01-11,,2025-01-01,2025-01-14,2025-01-20 00:00:00
TASK-00466,Add Audit Logging,Technical Debt,Marketplace,SPR-2025-20,Sprint 20,CX,Operations,Chris Lee,Jamie White,High,To Do,1,16,data,UAT,2025-10-01,2025-10-02,,2025-09-24,2025-10-07,2025-10-15 00:00:00
TASK-00467,Fix API Response Validation,Spike,Customer Portal,SPR-2025-23,Sprint 23,Marketplace,Architecture,Casey Johnson,Jamie White,Low,Blocked,13,4,frontend,PROD,2025-11-12,2025-11-12,,2025-11-05,2025-11-18,2025-11-24 00:00:00
TASK-00468,Optimize Database Query,Story,Customer Portal,SPR-2025-01,Sprint 1,CX,Operations,John Doe,Robin Clark,High,Done,2,16,"security, etl, data",PROD,2025-01-05,2025-01-05,2025-01-16,2025-01-01,2025-01-14,2025-01-10 00:00:00
TASK-00469,Implement MFA Authentication,Technical Debt,Customer Portal,SPR-2025-05,Sprint 5,Platform,Product,Taylor Brown,Robin Clark,Low,BLOCKED,3 pts,16,backend,UAT,2025-03-05,2025-03-05,,2025-02-26,2025-03-11,2025-03-18 00:00:00
TASK-00470,Improve Error Handling,Spike,Data Platform,SPR-2025-19,Sprint 19,CX,Architecture,Sam Wilson,Drew Walker,medium,Done,2,4,"Performance, backend",PROD,2025-09-14,2025-09-16,2025-09-21,2025-09-10,2025-09-23,2025-09-20 00:00:00
TASK-00471,update api documentation,Bug,Customer Portal,SPR-2025-06,Sprint 6,CX,Operations,Jordan Miller,Avery Lewis,Medium,blocked,1,2,"ux, genai",PROD,2025-03-12,2025-03-13,,2025-03-12,2025-03-25,2025-03-23 00:00:00
TASK-00472,Create Usage Dashboard,Story,Mobile App,SPR-2025-10,Sprint 10,Platform,Operations,Chris Lee,Avery Lewis,High,Done,5,12,"backend, etl",QA,2025-05-15,2025-05-17,2025-05-21,2025-05-07,2025-05-20,2025-05-21 00:00:00
TASK-00473,Implement MFA Authentication,Task,Data Platform,SPR-2025-13,Sprint 13,Marketplace,Product,John Doe,Avery Lewis,MEDIUM,Blocked,3,8,"frontend, data, performance",PROD,2025-06-23,2025-06-24,,2025-06-18,2025-07-01,2025-07-08 00:00:00
TASK-00474,Update Documentation,Bug,Data Platform,SPR-2025-06,Sprint 6,Growth,Architecture,Sam Wilson,Jamie White,Medium,TO DO,2 pts,40,genai,DEV,2025-03-19,2025-03-19,,2025-03-12,2025-03-25,2025-03-29 00:00:00
TASK-00475,Broken Navigation Menu,Technical Debt,Marketplace,SPR-2025-22,Sprint 22,Data,Product,Sam Wilson,Robin Clark,Critical,Blocked,13,2,"Api, DATA, backend",UAT,2025-10-27,2025-10-28,,2025-10-22,2025-11-04,2025-10-30 00:00:00
TASK-00476,Fix API Response Validation,Spike,Mobile App,SPR-2025-11,Sprint 11,Marketplace,Engineering,Sam Wilson,Jamie White,Low,Done,8,2,mobile,QA,2025-05-28,2025-05-28,2025-05-30,2025-05-21,2025-06-03,2025-06-06 00:00:00
TASK-00477,Refactor Notification Service,Task,Identity Service,SPR-2025-02,Sprint 2,CX,Operations,Alex Smith,Morgan Davis,Medium,In Progress,2,8,"data, backend",PROD,2025-01-21,2025-01-23,,2025-01-15,2025-01-28,2025-01-25 00:00:00
TASK-00478,Checkout Button Not Responding,Story,Marketplace,SPR-2025-18,Sprint 18,Data,Operations,Chris Lee,Robin Clark,high,Blocked,2,12,etl,PROD,2025-09-05,2025-09-06,,2025-08-27,2025-09-09,2025-09-06 00:00:00
TASK-00479,Fix User Profile Update,Spike,Backoffice,SPR-2025-11,Sprint 11,CX,Operations,Jordan Miller,Avery Lewis,Low,DONE,3,12,genai,QA,2025-05-22,2025-05-24,2025-05-31,2025-05-21,2025-06-03,2025-05-30 00:00:00
TASK-00480,Fix ETL Pipeline Failure,Task,Backoffice,SPR-2025-24,Sprint 24,Marketplace,Architecture,Taylor Brown,Drew Walker,Low,Done,3,12,Etl,QA,2025-11-24,2025-11-26,2025-11-27,2025-11-19,2025-12-02,2025-11-28 00:00:00
TASK-00481,Update Documentation,Story,Customer Portal,SPR-2025-22,Sprint 22,Data,Operations,Jane Doe,Jamie White,Critical,Blocked,5 pts,4,data,QA,2025-10-27,2025-10-27,,2025-10-22,2025-11-04,2025-11-07 00:00:00
TASK-00482,Improve Mobile Responsiveness,Task,Data Platform,SPR-2025-01,Sprint 1,Marketplace,Operations,Jordan Miller,Drew Walker,Critical,Testing,5,40,"api, Security",DEV,2025-01-08,2025-01-09,,2025-01-01,2025-01-14,2025-01-19 00:00:00
TASK-00483,Fix ETL Pipeline Failure,Story,Mobile App,SPR-2025-16,Sprint 16,Data,Analytics,Jordan Miller,Morgan Davis,High,In Progress,1,40,Mobile,UAT,2025-08-09,2025-08-09,,2025-07-30,2025-08-12,2025-08-21 00:00:00
TASK-00484,FIX USER PROFILE UPDATE,Bug,Identity Service,SPR-2025-21,Sprint 21,Core,Product,Alex Smith,Robin Clark,Critical,In Progress,5,40,security,QA,2025-10-10,2025-10-13,,2025-10-08,2025-10-21,2025-10-22 00:00:00
TASK-00485,Add Audit Logging,Technical Debt,Data Platform,SPR-2025-22,Sprint 22,Growth,Engineering,Jordan Miller,Drew Walker,High,Done,13,16,"etl, security",PROD,2025-10-29,2025-10-29,2025-11-05,2025-10-22,2025-11-04,2025-10-31 00:00:00
TASK-00486,Optimize Database Query,Task,Marketplace,SPR-2025-05,Sprint 5,Platform,Analytics,John Doe,Drew Walker,Critical,Blocked,5,2,"security, frontend",UAT,2025-02-26,2025-02-28,,2025-02-26,2025-03-11,2025-03-03 00:00:00
TASK-00487,User Session Timeout,Spike,Identity Service,SPR-2025-10,Sprint 10,CX,Engineering,Casey Johnson,Morgan Davis,High,To Do,8,4,"backend, api, etl",DEV,2025-05-12,2025-05-15,,2025-05-07,2025-05-20,2025-05-22 00:00:00
TASK-00488,Improve Mobile Responsiveness,Bug,Marketplace,SPR-2025-12,Sprint 12,Growth,Engineering,Sam Wilson,Robin Clark,Low,Done,13,12,data,QA,2025-06-04,2025-06-05,2025-06-07,2025-06-04,2025-06-17,2025-06-05 00:00:00
TASK-00489,Optimize Database Query,Story,Data Platform,SPR-2025-12,Sprint 12,Platform,Operations,Chris Lee,Morgan Davis,Medium,In Progress,13 pts,12,"data, PERFORMANCE, frontend",QA,2025-06-13,2025-06-16,,2025-06-04,2025-06-17,2025-06-20 00:00:00
TASK-00490,Update API Documentation,Task,Marketplace,SPR-2025-01,Sprint 1,Data,Operations,Casey Johnson,Jamie White,Critical,To Do,3,12,security,QA,2025-01-06,2025-01-07,,2025-01-01,2025-01-14,2025-01-18 00:00:00
TASK-00491,Fix User Profile Update,Story,Backoffice,SPR-2025-09,Sprint 9,Platform,Architecture,Jordan Miller,Avery Lewis,high,Done,13,8,"GENAI, performance",DEV,2025-04-29,2025-04-29,2025-05-01,2025-04-23,2025-05-06,2025-05-08 00:00:00
TASK-00492,Update API Documentation,Spike,Backoffice,SPR-2025-18,Sprint 18,Core,Analytics,Taylor Brown,Avery Lewis,low,Done,2,2,api,UAT,2025-09-03,2025-09-04,2025-09-11,2025-08-27,2025-09-09,2025-09-13 00:00:00
TASK-00493,Refactor Notification Service,Task,Marketplace,SPR-2025-12,Sprint 12,Marketplace,Engineering,Jane Doe,Avery Lewis,Critical,Done,5,12,"api, PERFORMANCE",PROD,2025-06-14,2025-06-14,2025-06-25,2025-06-04,2025-06-17,2025-06-27 00:00:00
TASK-00494,Create Monitoring Alerts,Spike,Backoffice,SPR-2025-14,Sprint 14,CX,Engineering,Alex Smith,Avery Lewis,Critical,Done,3,4,"BACKEND, security",UAT,2025-07-05,2025-07-05,2025-07-15,2025-07-02,2025-07-15,2025-07-12 00:00:00
TASK-00495,Login Error,Story,Customer Portal,SPR-2025-06,Sprint 6,Core,Product,John Doe,Morgan Davis,Critical,Testing,13,4,"etl, backend",PROD,2025-03-19,2025-03-20,,2025-03-12,2025-03-25,2025-04-03 00:00:00
TASK-00496,improve error handling,Spike,Mobile App,SPR-2025-13,Sprint 13,Growth,Engineering,Sam Wilson,Drew Walker,Low,Blocked,13 pts,40,"frontend, security, ux",DEV,2025-06-19,2025-06-22,,2025-06-18,2025-07-01,2025-06-24 00:00:00
TASK-00497,Fix User Profile Update,Spike,Data Platform,SPR-2025-12,Sprint 12,Core,Analytics,Sam Wilson,Drew Walker,Low,In Progress,13 pts,24,data,DEV,2025-06-10,2025-06-12,,2025-06-04,2025-06-17,2025-06-14 00:00:00
TASK-00498,Review Access Permissions,Task,Marketplace,SPR-2025-05,Sprint 5,Platform,Engineering,John Doe,Jamie White,High,To Do,13,24,"genai, data, Api",UAT,2025-03-06,2025-03-08,,2025-02-26,2025-03-11,2025-03-10 00:00:00
TASK-00499,Improve Mobile Responsiveness,Spike,Marketplace,SPR-2025-19,Sprint 19,Growth,Product,Chris Lee,Jamie White,Medium,Done,13,40,"security, ux, genai",UAT,2025-09-10,2025-09-12,2025-09-21,2025-09-10,2025-09-23,2025-09-16 00:00:00
TASK-00500,Implement MFA Authentication,Task,Backoffice,SPR-2025-08,Sprint 8,Growth,Analytics,Jane Doe,Morgan Davis,Critical,Done,13,40,"mobile, performance, SECURITY",PROD,2025-04-11,2025-04-13,2025-04-15,2025-04-09,2025-04-22,2025-04-18 00:00:00
TASK-00501,Fix ETL Pipeline Failure,Story,Backoffice,SPR-2025-08,Sprint 8,Platform,Product,Taylor Brown,Jamie White,Critical,Done,8,8h,backend,QA,2025-04-13,2025-04-14,2025-04-18,2025-04-09,2025-04-22,2025-04-28 00:00:00
TASK-00502,Implement MFA Authentication,Bug,Identity Service,SPR-2025-15,Sprint 15,Core,Engineering,Casey Johnson,Morgan Davis,critical,Testing,2 pts,16,"data, frontend",UAT,2025-07-17,2025-07-17,,2025-07-16,2025-07-29,2025-07-30 00:00:00
TASK-00503,Create Monitoring Alerts,Task,Backoffice,SPR-2025-20,Sprint 20,Core,Operations,Alex Smith,Jamie White,High,Done,8,8,"data, genai, backend",DEV,2025-09-28,2025-10-01,2025-10-09,2025-09-24,2025-10-07,2025-10-11 00:00:00
TASK-00504,Improve Error Handling,Task,Customer Portal,SPR-2025-22,Sprint 22,Data,Operations,Alex Smith,Jamie White,Medium,Blocked,2,16,"genai, backend, data",QA,2025-10-26,2025-10-26,,2025-10-22,2025-11-04,2025-11-05 00:00:00
TASK-00505,Fix User Profile Update,Spike,Mobile App,SPR-2025-17,Sprint 17,Core,Product,Jordan Miller,Robin Clark,High,Done,3,8,"genai, data",QA,2025-08-20,2025-08-23,2025-08-28,2025-08-13,2025-08-26,2025-09-03 00:00:00
TASK-00506,Checkout Button Not Responding,Task,Mobile App,SPR-2025-09,Sprint 9,Growth,Engineering,Alex Smith,Robin Clark,Low,In Progress,5,16,performance,PROD,2025-04-23,2025-04-24,,2025-04-23,2025-05-06,2025-05-08 00:00:00
TASK-00507,Fix ETL Pipeline Failure,Bug,Data Platform,SPR-2025-02,Sprint 2,Marketplace,Operations,Alex Smith,Jamie White,critical,Done,1,8,"data, backend",UAT,2025-01-25,2025-01-28,2025-02-05,2025-01-15,2025-01-28,2025-01-31 00:00:00
TASK-00508,Optimize Database Query,Story,Marketplace,SPR-2025-18,Sprint 18,Platform,Analytics,Taylor Brown,Robin Clark,High,In Progress,2,2,"security, performance, genai",UAT,2025-08-28,2025-08-31,,2025-08-27,2025-09-09,2025-08-28 00:00:00
TASK-00509,CREATE MONITORING ALERTS,Bug,Identity Service,SPR-2025-05,Sprint 5,Growth,Architecture,Jane Doe,Drew Walker,HIGH,Done,5,16,"etl, genai",DEV,2025-02-27,2025-03-02,2025-03-03,2025-02-26,2025-03-11,2025-03-04 00:00:00
TASK-00510,Add Audit Logging,Spike,Mobile App,SPR-2025-17,Sprint 17,Core,Architecture,Sam Wilson,Morgan Davis,Critical,Done,13,8h,"performance, security, genai",PROD,2025-08-14,2025-08-17,2025-08-19,2025-08-13,2025-08-26,2025-08-14 00:00:00
TASK-00511,Review Access Permissions,Task,Customer Portal,SPR-2025-01,Sprint 1,Growth,Product,John Doe,Jamie White,High,Done,13,40,"Performance, Api",UAT,2025-01-04,2025-01-06,2025-01-10,2025-01-01,2025-01-14,2025-01-06 00:00:00
TASK-00512,Add Audit Logging,Story,Marketplace,SPR-2025-11,Sprint 11,Growth,Operations,Casey Johnson,Avery Lewis,Medium,Done,2,2,"BACKEND, ux",QA,2025-05-26,2025-05-27,2025-05-30,2025-05-21,2025-06-03,2025-06-01 00:00:00
TASK-00513,Review Access Permissions,Technical Debt,Data Platform,SPR-2025-13,Sprint 13,Core,Analytics,Jane Doe,Avery Lewis,Low,To Do,2,12,"Security, ux",DEV,2025-06-27,2025-06-27,,2025-06-18,2025-07-01,2025-06-27 00:00:00
TASK-00514,Broken Navigation Menu,Task,Mobile App,SPR-2025-13,Sprint 13,Data,Engineering,Alex Smith,Drew Walker,Low,Blocked,13,24h,"ux, genai, frontend",DEV,2025-06-24,2025-06-27,,2025-06-18,2025-07-01,2025-06-28 00:00:00
TASK-00515,Update API Documentation,Spike,Customer Portal,SPR-2025-17,Sprint 17,Platform,Operations,Chris Lee,Robin Clark,High,Done,5,12,"api, Performance, Security",UAT,2025-08-15,2025-08-16,2025-08-17,2025-08-13,2025-08-26,2025-08-15 00:00:00
TASK-00516,ADD AUDIT LOGGING,Spike,Marketplace,SPR-2025-01,Sprint 1,Core,Architecture,Casey Johnson,Jamie White,Critical,DONE,13,4,"mobile, BACKEND",DEV,2025-01-06,2025-01-06,2025-01-09,2025-01-01,2025-01-14,2025-01-15 00:00:00
TASK-00517,Broken Navigation Menu,Story,Customer Portal,SPR-2025-16,Sprint 16,Marketplace,Product,Jane Doe,Avery Lewis,Low,In Progress,13,16,Etl,UAT,2025-08-06,2025-08-08,,2025-07-30,2025-08-12,2025-08-09 00:00:00
TASK-00518,Refactor Notification Service,Story,Backoffice,SPR-2025-08,Sprint 8,Marketplace,Product,Jordan Miller,Morgan Davis,Critical,In Progress,8,8,security,QA,2025-04-12,2025-04-14,,2025-04-09,2025-04-22,2025-04-17 00:00:00
TASK-00519,REFACTOR NOTIFICATION SERVICE,Task,Identity Service,SPR-2025-01,Sprint 1,CX,Analytics,Chris Lee,Jamie White,Critical,Done,3,40,"ux, genai, mobile",UAT,2025-01-03,2025-01-03,2025-01-10,2025-01-01,2025-01-14,2025-01-13 00:00:00
TASK-00520,Create Monitoring Alerts,Task,Data Platform,SPR-2025-16,Sprint 16,Core,Operations,Jane Doe,Drew Walker,High,Done,1,4h,"backend, performance",QA,2025-08-07,2025-08-10,2025-08-16,2025-07-30,2025-08-12,2025-08-19 00:00:00
TASK-00521,Implement MFA Authentication,Story,Mobile App,SPR-2025-17,Sprint 17,Marketplace,Engineering,Taylor Brown,Jamie White,High,Done,2,16,"security, etl, Mobile",PROD,2025-08-16,2025-08-17,2025-08-18,2025-08-13,2025-08-26,2025-08-22 00:00:00
TASK-00522,Add Audit Logging,Bug,Marketplace,SPR-2025-09,Sprint 9,Data,Engineering,Casey Johnson,Jamie White,Critical,Testing,13,2h,"etl, data, mobile",QA,2025-04-23,2025-04-26,,2025-04-23,2025-05-06,2025-05-05 00:00:00
TASK-00523,Fix API Response Validation,Bug,Backoffice,SPR-2025-06,Sprint 6,Platform,Architecture,Jane Doe,Drew Walker,High,Done,5,24,"Api, mobile, genai",PROD,2025-03-22,2025-03-25,2025-03-31,2025-03-12,2025-03-25,2025-03-29 00:00:00
TASK-00524,data sync failure,Spike,Data Platform,SPR-2025-22,Sprint 22,Data,Architecture,Jane Doe,Morgan Davis,High,Done,1,8,"ux, api",UAT,2025-10-29,2025-10-31,2025-11-10,2025-10-22,2025-11-04,2025-11-05 00:00:00
TASK-00525,Optimize Database Query,Spike,Backoffice,SPR-2025-22,Sprint 22,CX,Architecture,Jordan Miller,Drew Walker,High,Done,3,2h,"genai, mobile, performance",PROD,2025-10-29,2025-11-01,2025-11-06,2025-10-22,2025-11-04,2025-10-30 00:00:00
TASK-00526,Broken Navigation Menu,Spike,Identity Service,SPR-2025-20,Sprint 20,Growth,Engineering,Alex Smith,Morgan Davis,Critical,Done,13,8,"GENAI, etl",UAT,2025-09-25,2025-09-25,2025-09-29,2025-09-24,2025-10-07,2025-09-28 00:00:00
TASK-00527,Broken Navigation Menu,Technical Debt,Identity Service,SPR-2025-10,Sprint 10,Platform,Operations,Chris Lee,Jamie White,High,Done,2,40h,"data, api",PROD,2025-05-13,2025-05-13,2025-05-18,2025-05-07,2025-05-20,2025-05-15 00:00:00
TASK-00528,Fix API Response Validation,Story,Data Platform,SPR-2025-11,Sprint 11,Growth,Product,Taylor Brown,Drew Walker,High,Testing,13,12,"genai, security, etl",UAT,2025-05-26,2025-05-27,,2025-05-21,2025-06-03,2025-06-04 00:00:00
TASK-00529,fix api response validation,Task,Backoffice,SPR-2025-18,Sprint 18,CX,Product,Chris Lee,Jamie White,Critical,Done,2,16,Ux,PROD,2025-09-04,2025-09-05,2025-09-09,2025-08-27,2025-09-09,2025-09-05 00:00:00
TASK-00530,Fix ETL Pipeline Failure,Bug,Backoffice,SPR-2025-08,Sprint 8,Core,Operations,Jordan Miller,Drew Walker,Medium,Done,2,40,data,QA,2025-04-17,2025-04-18,2025-04-26,2025-04-09,2025-04-22,2025-04-30 00:00:00
TASK-00531,Optimize Database Query,Bug,Identity Service,SPR-2025-06,Sprint 6,Data,Analytics,Taylor Brown,Drew Walker,High,Done,3,8,security,QA,2025-03-20,2025-03-23,2025-03-30,2025-03-12,2025-03-25,2025-03-23 00:00:00
TASK-00532,Fix ETL Pipeline Failure,Bug,Backoffice,SPR-2025-17,Sprint 17,Core,Architecture,John Doe,Robin Clark,Medium,In Progress,8,12,"PERFORMANCE, ux",PROD,2025-08-20,2025-08-22,,2025-08-13,2025-08-26,2025-08-24 00:00:00
TASK-00533,Review Access Permissions,Task,Data Platform,SPR-2025-03,Sprint 3,Data,Architecture,Jordan Miller,Jamie White,Low,To Do,5,40,"mobile, genai",UAT,2025-02-08,2025-02-10,,2025-01-29,2025-02-11,2025-02-08 00:00:00
TASK-00534,UPDATE API DOCUMENTATION,Spike,Identity Service,SPR-2025-20,Sprint 20,Growth,Analytics,Jane Doe,Morgan Davis,Critical,Done,13,16,API,PROD,2025-09-24,2025-09-26,2025-09-28,2025-09-24,2025-10-07,2025-10-06 00:00:00
TASK-00535,Improve Search Performance,Bug,Data Platform,SPR-2025-14,Sprint 14,Core,Product,Sam Wilson,Morgan Davis,Medium,In Progress,3,4,mobile,DEV,2025-07-08,2025-07-11,,2025-07-02,2025-07-15,2025-07-09 00:00:00
TASK-00536,CREATE MONITORING ALERTS,Technical Debt,Marketplace,SPR-2025-22,Sprint 22,Data,Architecture,Taylor Brown,Robin Clark,High,In Progress,1,16,Api,DEV,2025-10-27,2025-10-27,,2025-10-22,2025-11-04,2025-10-31 00:00:00
TASK-00537,create monitoring alerts,Technical Debt,Customer Portal,SPR-2025-20,Sprint 20,Growth,Operations,Taylor Brown,Drew Walker,CRITICAL,Done,1,40,"data, Backend",QA,2025-09-29,2025-09-30,2025-10-03,2025-09-24,2025-10-07,2025-10-09 00:00:00
TASK-00538,IMPROVE ERROR HANDLING,Spike,Identity Service,SPR-2025-15,Sprint 15,Marketplace,Architecture,Jane Doe,Drew Walker,Medium,Done,2,12,"FRONTEND, security",DEV,2025-07-26,2025-07-29,2025-08-09,2025-07-16,2025-07-29,2025-08-05 00:00:00
TASK-00539,refactor notification service,Technical Debt,Marketplace,SPR-2025-17,Sprint 17,Platform,Operations,Sam Wilson,Morgan Davis,Medium,Done,13,12,"Frontend, genai",DEV,2025-08-22,2025-08-25,2025-08-30,2025-08-13,2025-08-26,2025-08-28 00:00:00
TASK-00540,LOGIN ERROR,Story,Mobile App,SPR-2025-03,Sprint 3,Core,Engineering,Taylor Brown,Robin Clark,High,Done,3,2,"ux, etl, API",DEV,2025-02-02,2025-02-03,2025-02-12,2025-01-29,2025-02-11,2025-02-08 00:00:00
TASK-00541,Improve Search Performance,Task,Marketplace,SPR-2025-16,Sprint 16,Growth,Engineering,Alex Smith,Drew Walker,Low,To Do,13,40,ux,QA,2025-08-02,2025-08-02,,2025-07-30,2025-08-12,2025-08-10 00:00:00
TASK-00542,Optimize Database Query,Spike,Customer Portal,SPR-2025-14,Sprint 14,Marketplace,Engineering,Jane Doe,Morgan Davis,Low,In Progress,5,40,"data, frontend",DEV,2025-07-12,2025-07-14,,2025-07-02,2025-07-15,2025-07-17 00:00:00
TASK-00543,Optimize Database Query,Story,Mobile App,SPR-2025-16,Sprint 16,CX,Operations,Taylor Brown,Jamie White,Critical,Done,3,16,ux,DEV,2025-07-31,2025-08-01,2025-08-13,2025-07-30,2025-08-12,2025-08-15 00:00:00
TASK-00544,create usage dashboard,Bug,Customer Portal,SPR-2025-16,Sprint 16,Platform,Analytics,Alex Smith,Robin Clark,Low,In Progress,8,24,"frontend, etl, MOBILE",PROD,2025-07-31,2025-07-31,,2025-07-30,2025-08-12,2025-08-06 00:00:00
TASK-00545,Fix API Response Validation,Technical Debt,Customer Portal,SPR-2025-21,Sprint 21,Data,Architecture,Chris Lee,Morgan Davis,Medium,Done,13,40,performance,DEV,2025-10-08,2025-10-11,2025-10-20,2025-10-08,2025-10-21,2025-10-10 00:00:00
TASK-00546,BROKEN NAVIGATION MENU,Bug,Backoffice,SPR-2025-14,Sprint 14,CX,Product,John Doe,Avery Lewis,Low,Done,1,16h,"performance, backend",PROD,2025-07-10,2025-07-10,2025-07-16,2025-07-02,2025-07-15,2025-07-19 00:00:00
TASK-00547,Fix User Profile Update,Spike,Data Platform,SPR-2025-22,Sprint 22,Data,Analytics,John Doe,Avery Lewis,High,Done,13,4,"mobile, api",UAT,2025-10-31,2025-11-03,2025-11-14,2025-10-22,2025-11-04,2025-11-04 00:00:00
TASK-00548,improve mobile responsiveness,Spike,Customer Portal,SPR-2025-02,Sprint 2,Marketplace,Architecture,Taylor Brown,Jamie White,High,Done,5,12,"genai, ux",QA,2025-01-22,2025-01-25,2025-01-29,2025-01-15,2025-01-28,2025-01-28 00:00:00
TASK-00549,Add Audit Logging,Technical Debt,Customer Portal,SPR-2025-19,Sprint 19,Marketplace,Operations,Jordan Miller,Jamie White,High,Blocked,2,16,"PERFORMANCE, ux",PROD,2025-09-13,2025-09-15,,2025-09-10,2025-09-23,2025-09-13 00:00:00
TASK-00550,Review Access Permissions,Bug,Identity Service,SPR-2025-23,Sprint 23,Growth,Product,Jane Doe,Morgan Davis,Critical,Done,2,8,"api, genai, security",DEV,2025-11-08,2025-11-11,2025-11-23,2025-11-05,2025-11-18,2025-11-09 00:00:00
TASK-00551,Update Documentation,Bug,Backoffice,SPR-2025-11,Sprint 11,Data,Engineering,Alex Smith,Avery Lewis,High,Blocked,3,8,"genai, security",DEV,2025-05-22,2025-05-24,,2025-05-21,2025-06-03,2025-06-04 00:00:00
TASK-00552,Improve Search Performance,Task,Marketplace,SPR-2025-06,Sprint 6,CX,Architecture,Alex Smith,Avery Lewis,Medium,Done,1,4,"Ux, GENAI",DEV,2025-03-20,2025-03-23,2025-03-27,2025-03-12,2025-03-25,2025-04-04 00:00:00
TASK-00553,Fix API Response Validation,Bug,Data Platform,SPR-2025-22,Sprint 22,CX,Operations,John Doe,Drew Walker,High,Done,2,40,security,PROD,2025-10-31,2025-11-02,2025-11-08,2025-10-22,2025-11-04,2025-11-05 00:00:00
TASK-00554,Fix User Profile Update,Spike,Identity Service,SPR-2025-12,Sprint 12,Growth,Analytics,John Doe,Jamie White,medium,Done,2,8,"security, frontend",DEV,2025-06-08,2025-06-09,2025-06-10,2025-06-04,2025-06-17,2025-06-08 00:00:00
TASK-00555,User Session Timeout,Task,Backoffice,SPR-2025-10,Sprint 10,Data,Operations,Sam Wilson,Robin Clark,High,Blocked,3,16,"Ux, security",DEV,2025-05-13,2025-05-14,,2025-05-07,2025-05-20,2025-05-27 00:00:00
TASK-00556,Update Documentation,Bug,Identity Service,SPR-2025-22,Sprint 22,Growth,Analytics,Jane Doe,Jamie White,Low,Done,2,4,backend,PROD,2025-10-23,2025-10-25,2025-10-26,2025-10-22,2025-11-04,2025-11-02 00:00:00
TASK-00557,Fix API Response Validation,Spike,Backoffice,SPR-2025-22,Sprint 22,Marketplace,Engineering,Casey Johnson,Robin Clark,LOW,To Do,13,2,"Security, etl",DEV,2025-10-23,2025-10-23,,2025-10-22,2025-11-04,2025-11-06 00:00:00
TASK-00558,optimize database query,Task,Backoffice,SPR-2025-06,Sprint 6,Core,Architecture,Sam Wilson,Jamie White,Medium,To Do,13,4,"mobile, api",PROD,2025-03-20,2025-03-20,,2025-03-12,2025-03-25,2025-03-28 00:00:00
TASK-00559,Checkout Button Not Responding,Bug,Data Platform,SPR-2025-12,Sprint 12,CX,Analytics,Jane Doe,Drew Walker,low,Done,5,24h,"BACKEND, genai",UAT,2025-06-07,2025-06-07,2025-06-12,2025-06-04,2025-06-17,2025-06-17 00:00:00
TASK-00560,Refactor Notification Service,Spike,Customer Portal,SPR-2025-15,Sprint 15,Data,Operations,Jordan Miller,Morgan Davis,Medium,Done,2 pts,8,"security, ux",QA,2025-07-21,2025-07-24,2025-08-01,2025-07-16,2025-07-29,2025-07-31 00:00:00
TASK-00561,create usage dashboard,Story,Data Platform,SPR-2025-13,Sprint 13,CX,Analytics,Taylor Brown,Jamie White,Medium,DONE,1,4,frontend,PROD,2025-06-28,2025-06-29,2025-07-10,2025-06-18,2025-07-01,2025-07-13 00:00:00
TASK-00562,IMPROVE SEARCH PERFORMANCE,Story,Data Platform,SPR-2025-14,Sprint 14,Marketplace,Analytics,Jordan Miller,Drew Walker,High,Done,8,4,"mobile, ux",DEV,2025-07-08,2025-07-09,2025-07-15,2025-07-02,2025-07-15,2025-07-12 00:00:00
TASK-00563,Broken Navigation Menu,Spike,Data Platform,SPR-2025-17,Sprint 17,CX,Analytics,Chris Lee,Jamie White,critical,Done,5,4,"mobile, security",QA,2025-08-17,2025-08-19,2025-08-22,2025-08-13,2025-08-26,2025-08-27 00:00:00
TASK-00564,Fix User Profile Update,Technical Debt,Identity Service,SPR-2025-21,Sprint 21,Platform,Product,Casey Johnson,Avery Lewis,Low,Done,1,4,etl,QA,2025-10-17,2025-10-18,2025-10-22,2025-10-08,2025-10-21,2025-10-25 00:00:00
TASK-00565,Fix ETL Pipeline Failure,Story,Backoffice,SPR-2025-23,Sprint 23,CX,Product,Sam Wilson,Morgan Davis,High,done,8,4,"genai, security",QA,2025-11-07,2025-11-09,2025-11-13,2025-11-05,2025-11-18,2025-11-16 00:00:00
TASK-00566,Optimize Database Query,Technical Debt,Marketplace,SPR-2025-08,Sprint 8,Platform,Product,Sam Wilson,Avery Lewis,HIGH,Done,13,12h,"api, genai",UAT,2025-04-15,2025-04-18,2025-04-23,2025-04-09,2025-04-22,2025-04-21 00:00:00
TASK-00567,Refactor Notification Service,Task,Backoffice,SPR-2025-23,Sprint 23,Growth,Analytics,Chris Lee,Drew Walker,low,Testing,3,8,"ux, etl, frontend",DEV,2025-11-14,2025-11-17,,2025-11-05,2025-11-18,2025-11-15 00:00:00
TASK-00568,update documentation,Spike,Backoffice,SPR-2025-24,Sprint 24,Growth,Architecture,Jordan Miller,Avery Lewis,Medium,to do,2 pts,8,"backend, UX",QA,2025-11-21,2025-11-24,,2025-11-19,2025-12-02,2025-11-23 00:00:00
TASK-00569,Optimize Database Query,Story,Customer Portal,SPR-2025-07,Sprint 7,Data,Engineering,Chris Lee,Robin Clark,Low,In Progress,8 pts,24,GENAI,PROD,2025-04-02,2025-04-03,,2025-03-26,2025-04-08,2025-04-14 00:00:00
TASK-00570,Add Audit Logging,Spike,Customer Portal,SPR-2025-01,Sprint 1,Data,Architecture,John Doe,Drew Walker,Low,Done,1,16,"backend, security",UAT,2025-01-09,2025-01-11,2025-01-23,2025-01-01,2025-01-14,2025-01-17 00:00:00
TASK-00571,Update API Documentation,Technical Debt,Marketplace,SPR-2025-18,Sprint 18,Data,Engineering,Jane Doe,Morgan Davis,Medium,In Progress,3,24,genai,PROD,2025-09-01,2025-09-04,,2025-08-27,2025-09-09,2025-09-04 00:00:00
TASK-00572,Implement MFA Authentication,Story,Data Platform,SPR-2025-24,Sprint 24,Data,Operations,Jordan Miller,Robin Clark,High,Done,1,4,"MOBILE, ETL",PROD,2025-11-22,2025-11-23,2025-11-28,2025-11-19,2025-12-02,2025-12-04 00:00:00
TASK-00573,FIX ETL PIPELINE FAILURE,Story,Mobile App,SPR-2025-20,Sprint 20,Growth,Analytics,Taylor Brown,Jamie White,Low,Done,1,40h,"frontend, data",PROD,2025-09-26,2025-09-29,2025-10-10,2025-09-24,2025-10-07,2025-10-07 00:00:00
TASK-00574,Improve Search Performance,Technical Debt,Identity Service,SPR-2025-03,Sprint 3,CX,Analytics,Sam Wilson,Morgan Davis,High,Done,2,24,"FRONTEND, GENAI, api",PROD,2025-02-02,2025-02-05,2025-02-06,2025-01-29,2025-02-11,2025-02-04 00:00:00
TASK-00575,LOGIN ERROR,Task,Identity Service,SPR-2025-24,Sprint 24,Platform,Operations,Taylor Brown,Robin Clark,Critical,To Do,5,2,backend,DEV,2025-11-21,2025-11-22,,2025-11-19,2025-12-02,2025-11-29 00:00:00
TASK-00576,Review Access Permissions,Technical Debt,Customer Portal,SPR-2025-07,Sprint 7,Platform,Analytics,Alex Smith,Robin Clark,Critical,Done,13,4,"FRONTEND, data, security",UAT,2025-03-29,2025-04-01,2025-04-02,2025-03-26,2025-04-08,2025-04-11 00:00:00
TASK-00577,Update Documentation,Spike,Backoffice,SPR-2025-06,Sprint 6,Marketplace,Engineering,John Doe,Robin Clark,Critical,Done,5,12h,"api, security",QA,2025-03-21,2025-03-24,2025-03-29,2025-03-12,2025-03-25,2025-03-31 00:00:00
TASK-00578,improve mobile responsiveness,Story,Identity Service,SPR-2025-18,Sprint 18,Data,Analytics,Casey Johnson,Morgan Davis,Critical,Done,8,16,data,UAT,2025-09-06,2025-09-07,2025-09-11,2025-08-27,2025-09-09,2025-09-17 00:00:00
TASK-00579,Add Audit Logging,Technical Debt,Mobile App,SPR-2025-18,Sprint 18,Core,Engineering,Jane Doe,Robin Clark,Low,In Progress,13,40,frontend,QA,2025-09-02,2025-09-05,,2025-08-27,2025-09-09,2025-09-14 00:00:00
TASK-00580,LOGIN ERROR,Spike,Mobile App,SPR-2025-10,Sprint 10,Marketplace,Architecture,Sam Wilson,Robin Clark,Low,Blocked,13 pts,8,ux,PROD,2025-05-10,2025-05-10,,2025-05-07,2025-05-20,2025-05-21 00:00:00
TASK-00581,Update API Documentation,Technical Debt,Backoffice,SPR-2025-07,Sprint 7,Platform,Operations,John Doe,Avery Lewis,Critical,Done,5,2,"ux, etl",DEV,2025-03-30,2025-04-02,2025-04-13,2025-03-26,2025-04-08,2025-04-14 00:00:00
TASK-00582,Improve Search Performance,Bug,Backoffice,SPR-2025-03,Sprint 3,Core,Product,Alex Smith,Avery Lewis,High,done,5 pts,8,"GENAI, mobile, ux",UAT,2025-02-05,2025-02-07,2025-02-19,2025-01-29,2025-02-11,2025-02-17 00:00:00
TASK-00583,Create Monitoring Alerts,Bug,Customer Portal,SPR-2025-18,Sprint 18,Core,Operations,Taylor Brown,Morgan Davis,Critical,Testing,2 pts,16,api,PROD,2025-09-06,2025-09-06,,2025-08-27,2025-09-09,2025-09-11 00:00:00
TASK-00584,Review Access Permissions,Technical Debt,Backoffice,SPR-2025-13,Sprint 13,Growth,Operations,Casey Johnson,Robin Clark,Medium,In Progress,13,2,api,PROD,2025-06-18,2025-06-20,,2025-06-18,2025-07-01,2025-06-18 00:00:00
TASK-00585,User Session Timeout,Bug,Mobile App,SPR-2025-23,Sprint 23,Data,Product,Alex Smith,Jamie White,critical,Done,1,24,"etl, mobile",PROD,2025-11-13,2025-11-15,2025-11-23,2025-11-05,2025-11-18,2025-11-24 00:00:00
TASK-00586,Create Usage Dashboard,Task,Backoffice,SPR-2025-18,Sprint 18,CX,Product,Sam Wilson,Jamie White,Low,To Do,2,8,"UX, frontend, Security",UAT,2025-08-31,2025-09-03,,2025-08-27,2025-09-09,2025-09-07 00:00:00
TASK-00587,Improve Search Performance,Bug,Backoffice,SPR-2025-16,Sprint 16,Data,Engineering,Jordan Miller,Robin Clark,Low,Done,2,4,genai,QA,2025-08-02,2025-08-03,2025-08-07,2025-07-30,2025-08-12,2025-08-10 00:00:00
TASK-00588,IMPROVE MOBILE RESPONSIVENESS,Technical Debt,Marketplace,SPR-2025-14,Sprint 14,Marketplace,Engineering,Taylor Brown,Drew Walker,High,To Do,8,4,genai,UAT,2025-07-02,2025-07-05,,2025-07-02,2025-07-15,2025-07-17 00:00:00
TASK-00589,Update Documentation,Spike,Backoffice,SPR-2025-03,Sprint 3,Core,Operations,Alex Smith,Avery Lewis,Low,Done,5,24,"data, etl",UAT,2025-02-04,2025-02-04,2025-02-16,2025-01-29,2025-02-11,2025-02-06 00:00:00
TASK-00590,Optimize Database Query,Task,Backoffice,SPR-2025-23,Sprint 23,Marketplace,Operations,Sam Wilson,Robin Clark,High,Done,8,8,"mobile, performance",PROD,2025-11-12,2025-11-14,2025-11-16,2025-11-05,2025-11-18,2025-11-18 00:00:00
TASK-00591,Improve Error Handling,Task,Customer Portal,SPR-2025-20,Sprint 20,Marketplace,Operations,Chris Lee,Jamie White,Medium,In Progress,8,2,"mobile, performance",PROD,2025-09-26,2025-09-28,,2025-09-24,2025-10-07,2025-10-11 00:00:00
TASK-00592,Fix API Response Validation,Task,Backoffice,SPR-2025-23,Sprint 23,CX,Operations,Taylor Brown,Robin Clark,Critical,Done,5 pts,4,"genai, performance",DEV,2025-11-09,2025-11-12,2025-11-22,2025-11-05,2025-11-18,2025-11-22 00:00:00
TASK-00593,Update Documentation,Story,Mobile App,SPR-2025-21,Sprint 21,Marketplace,Architecture,John Doe,Morgan Davis,High,Done,1 pts,2,"etl, data, api",DEV,2025-10-15,2025-10-15,2025-10-17,2025-10-08,2025-10-21,2025-10-25 00:00:00
TASK-00594,Update API Documentation,Technical Debt,Mobile App,SPR-2025-20,Sprint 20,Data,Product,Sam Wilson,Avery Lewis,High,Done,3,4h,"security, mobile, api",DEV,2025-09-28,2025-09-30,2025-10-10,2025-09-24,2025-10-07,2025-10-01 00:00:00
TASK-00595,Create Usage Dashboard,Spike,Marketplace,SPR-2025-08,Sprint 8,Data,Operations,Jordan Miller,Morgan Davis,High,In Progress,2,12,"ux, genai, mobile",UAT,2025-04-15,2025-04-16,,2025-04-09,2025-04-22,2025-04-21 00:00:00
TASK-00596,Login Error,Story,Identity Service,SPR-2025-22,Sprint 22,Platform,Engineering,Jordan Miller,Drew Walker,Critical,Done,8,4,"ux, api, performance",PROD,2025-10-29,2025-11-01,2025-11-07,2025-10-22,2025-11-04,2025-10-29 00:00:00
TASK-00597,Login Error,Task,Data Platform,SPR-2025-22,Sprint 22,Core,Engineering,Alex Smith,Jamie White,High,done,1,24,"backend, ux",QA,2025-10-31,2025-11-01,2025-11-13,2025-10-22,2025-11-04,2025-11-01 00:00:00
TASK-00598,Fix API Response Validation,Story,Customer Portal,SPR-2025-13,Sprint 13,Core,Analytics,Alex Smith,Drew Walker,Low,done,8,12,ux,DEV,2025-06-23,2025-06-23,2025-06-26,2025-06-18,2025-07-01,2025-06-30 00:00:00
TASK-00599,Create Usage Dashboard,Spike,Backoffice,SPR-2025-03,Sprint 3,Platform,Engineering,Alex Smith,Drew Walker,Critical,Done,2,40,"backend, performance, etl",QA,2025-02-07,2025-02-07,2025-02-19,2025-01-29,2025-02-11,2025-02-14 00:00:00
TASK-00600,Create Monitoring Alerts,Technical Debt,Data Platform,SPR-2025-01,Sprint 1,Core,Engineering,Casey Johnson,Jamie White,Low,Done,2 pts,4,performance,DEV,2025-01-06,2025-01-07,2025-01-08,2025-01-01,2025-01-14,2025-01-13 00:00:00
